ID,Fit_sep_IGT_Arew,Fit_sep_IGT_Apun,Fit_sep_IGT_K,Fit_sep_IGT_betaF,Fit_sep_IGT_betaP,Fit_sep_SIGT_v1_Arew,Fit_sep_SIGT_v1_Apun,Fit_sep_SIGT_v1_K,Fit_sep_SIGT_v1_betaF,Fit_sep_SIGT_v1_betaP,Fit_sep_SIGT_v2_Arew,Fit_sep_SIGT_v2_Apun,Fit_sep_SIGT_v2_K,Fit_sep_SIGT_v2_betaF,Fit_sep_SIGT_v2_betaP,Fit_sep_SIGT_v3_Arew,Fit_sep_SIGT_v3_Apun,Fit_sep_SIGT_v3_K,Fit_sep_SIGT_v3_betaF,Fit_sep_SIGT_v3_betaP
7001,0.188622562,0.094070459,0.047862179,1.709133267,1.832087983,0.011945288,0.380823703,0.044332174,0.848902582,0.894679141,0.018361476,0.34184883,0.045408436,0.896491018,0.838151201,0.012317953,0.429375015,0.041225083,0.586441557,0.956319101
7002,0.239970152,0.069855861,0.05566224,1.450729558,0.346364512,0.022831647,0.397588688,0.047124369,1.130556981,2.188921828,0.043918632,0.358237869,0.047768065,1.198556378,2.110178553,0.019357052,0.45205406,0.045288712,0.796475449,2.390082412
7003,0.204303392,0.021357665,0.05806383,1.534822693,-0.825002614,0.007078838,0.373185634,0.045079965,1.083594583,1.439143477,0.008015666,0.328686061,0.046165558,1.194608071,1.542084479,0.007308194,0.427772524,0.043012291,0.875851018,1.431290647
7004,0.077110254,0.042280469,0.056458024,0.940415701,0.070056978,0.002780054,0.376125599,0.042602693,1.039832014,0.545839447,0.002872806,0.33310334,0.043843636,1.137036449,0.569666967,0.003195922,0.429713391,0.03783697,0.720511697,0.715867684
7005,0.085482304,0.131915885,0.03667403,1.602333648,2.274710771,0.001386038,0.363572931,0.039505404,0.852928393,1.714561385,0.001645094,0.319236527,0.041233485,0.935331468,1.686795618,0.001748986,0.418787108,0.033644822,0.414181784,1.942773414
7006,0.221046928,0.020958839,0.056548803,1.220759732,0.139587343,0.003139628,0.369512087,0.044401238,1.182369333,0.385779637,0.003174997,0.327924486,0.045356882,1.289028507,0.451407767,0.003470995,0.422062131,0.041631351,0.974933297,0.374004181
7008,0.319147353,0.027004032,0.059293157,1.612604426,0.50577169,0.000989768,0.40433048,0.043685712,1.036097598,2.889992897,0.001264266,0.371945824,0.044654591,1.100338677,2.861295304,0.001104445,0.459954699,0.039364601,0.493427053,3.146312577
7009,0.160661789,0.127502811,0.107926328,1.559084051,2.920467145,0.001379122,0.384484419,0.054555799,1.053964629,2.101864589,0.001572877,0.340836567,0.05330326,1.131048871,2.093090395,0.001611752,0.449353246,0.05747461,0.759590485,2.185967614
7010,0.211585593,0.167185951,0.088564459,1.715684965,2.143336107,0.000795978,0.464883835,0.043225762,1.497858078,2.635773509,0.000808938,0.454764195,0.044281233,1.571602117,2.629397474,0.000979002,0.548371689,0.040659558,1.245574055,2.65013092
7011,0.119579868,0.248942232,0.045375224,1.549048663,2.736834022,0.000934338,0.369489669,0.038835803,1.379273959,1.88939119,0.000977814,0.333872035,0.040761044,1.490724165,1.850356245,0.001107278,0.417709235,0.032878602,1.003245526,2.078396819
7012,0.174575465,0.062417764,0.04096775,1.664668127,1.88735478,0.000817199,0.397648496,0.052675624,0.839136988,2.09989872,0.001044248,0.362449191,0.051964568,0.879576764,2.093431221,0.001102456,0.441225407,0.054633076,0.41421621,2.219956628
7013,0.20147568,0.043202951,0.056339305,1.524627072,0.608018087,0.000951991,0.373163454,0.042793637,0.861051899,1.27850683,0.000969442,0.335236715,0.043840284,0.924845109,1.288296583,0.001143266,0.417791838,0.038959027,0.711520841,1.286300946
7014,0.169478853,0.215865793,0.073946271,1.36078502,3.459778649,0.001367789,0.392403628,0.04862016,0.8054414,3.722681619,0.00172544,0.353192827,0.048729627,0.870918337,3.692234439,0.00162184,0.441892394,0.048469682,0.403252548,3.882811865
7015,0.276719003,0.033994229,0.050881873,1.60706172,1.818322695,0.033287496,0.388351424,0.043317841,1.107947154,2.775683807,0.038556403,0.349620073,0.044056661,1.209190586,2.933752428,0.026653958,0.443037008,0.039579843,0.83108662,2.982252651
7016,0.308184547,0.038321938,0.02109574,1.564381291,2.212799007,0.013342107,0.384233054,0.047565874,1.216220482,1.656604298,0.013878739,0.343851754,0.047826023,1.33195565,1.920837637,0.013591448,0.440632193,0.046778417,0.999291795,1.606124818
7017,0.220861339,0.075086662,0.088667542,1.274258063,2.404093384,0.012151057,0.392304603,0.044598685,1.110106242,2.466471875,0.01260413,0.352931653,0.045177395,1.202678437,2.66880301,0.012085955,0.447982966,0.042185844,0.864446878,2.495399675
7018,0.169007508,0.045973954,0.059662977,1.249343196,0.146864255,0.002308866,0.386574991,0.043691388,1.403872046,1.171653514,0.00234997,0.352469086,0.044772118,1.503940248,1.179507749,0.002617406,0.451537618,0.040506797,1.128087844,1.208302783
7019,0.093042777,0.156136127,0.080343641,1.445934641,2.452078226,0.002005439,0.379333351,0.051611362,0.587863733,3.545430602,0.002645369,0.333120597,0.051117207,0.650306845,3.519902389,0.002511327,0.433455313,0.052145599,0.268945844,3.651206433
7020,0.20373082,0.054731941,0.058819236,1.342370985,1.507446847,0.008848163,0.381461442,0.046453892,1.013730268,2.06352933,0.010718867,0.338258171,0.047092546,1.109177096,2.157677805,0.008847831,0.426665945,0.045573737,0.747424167,2.11758677
7021,0.137123795,0.131542983,0.08434086,1.50269746,0.846025532,0.000936166,0.412305001,0.046470727,1.203431847,0.834953001,0.001160138,0.388320526,0.046665473,1.245612156,0.836668264,0.001402201,0.458892921,0.045081107,0.701893119,1.031110424
7022,0.244641069,0.036609293,0.081208974,1.215837118,1.08431855,0.000667608,0.398223147,0.045975888,1.199657811,1.706051953,0.000744097,0.3692722,0.046544946,1.262183826,1.695673855,0.000914618,0.436026744,0.044261757,0.628784788,2.030208731
7023,0.121263644,0.066240586,0.067728522,1.682935891,1.771342348,0.000877049,0.353052617,0.041989327,1.188152108,2.200854957,0.000878433,0.311451297,0.04331264,1.312949058,2.16386737,0.001048839,0.39452227,0.037107027,0.860666305,2.328014712
7024,0.137175209,0.131588885,0.071077289,1.501338164,2.34256017,0.00119718,0.479947007,0.051667964,1.490073393,1.934646828,0.001559089,0.475354079,0.050768179,1.547866176,1.914051235,0.00145689,0.537824238,0.054807643,0.873581317,2.272214741
7025,0.119462707,0.06761768,0.047273582,1.220051618,0.808360537,0.00243359,0.355915646,0.048719271,0.958748089,0.86539954,0.002291284,0.311199299,0.048767962,1.074760717,0.923869966,0.002761062,0.387157973,0.048595911,0.784193586,0.842891349
7026,0.086427902,0.118954458,0.030242676,1.433434411,2.019914771,0.001084308,0.452786945,0.044635958,1.361648168,2.580461434,0.001399528,0.439032594,0.045497655,1.430731761,2.551117443,0.001250105,0.50788217,0.041439741,0.713759623,2.918008652
7027,0.209718911,0.049568082,0.035051161,1.468399326,2.666623567,0.016647797,0.370740372,0.046592564,0.672060774,1.63707987,0.018417556,0.320755329,0.047051733,0.824984746,1.86232349,0.017145848,0.416368451,0.045233352,0.503499557,1.635408304
7028,0.160132923,0.054266704,0.064806108,1.172230082,-0.370517299,0.001193898,0.376529793,0.045088407,0.974733199,0.020409791,0.001232636,0.33906039,0.045798138,1.041600331,0.038571484,0.001483397,0.419393107,0.042664205,0.748777852,0.072608543
7029,0.209943799,0.024142294,0.113115112,1.391117882,1.271900948,0.00588599,0.388534814,0.044600015,0.793587998,0.879501656,0.007210059,0.351031382,0.045520653,0.862273175,0.899092984,0.006406563,0.452467613,0.042242758,0.51374002,0.914975506
7030,0.258063769,0.029470087,0.053889389,0.889991687,-0.066763378,0.001096012,0.354388106,0.042476327,0.884014963,0.699098232,0.00106493,0.311778124,0.043712319,0.972555359,0.7104539,0.001241048,0.390883953,0.038764836,0.799461774,0.66006159
7031,0.073829793,0.129104033,0.061571703,1.600142199,0.817940558,0.026203451,0.395376695,0.04480695,1.1700332,2.306479456,0.030651326,0.357268152,0.045382671,1.26912992,2.522228498,0.024123711,0.452915818,0.042482697,0.891588187,2.413961905
7032,0.078108363,0.108236855,0.055375462,1.306386386,-0.17665332,0.045429641,0.391944281,0.045202684,1.133561085,1.822824408,0.056257537,0.350628615,0.045757766,1.249692843,2.076891832,0.039026617,0.441906491,0.042531621,0.839606396,1.999578677
7033,0.184821376,0.141288662,0.042459522,1.214044851,0.69762855,0.006514972,0.377339566,0.044201317,1.093589198,1.346609943,0.006562083,0.336123757,0.045405243,1.205669666,1.507954976,0.006845056,0.440903284,0.040877427,0.855191187,1.353209172
7034,0.141031299,0.130123117,0.062134026,1.66063125,1.094039005,0.044887398,0.377125823,0.046182209,1.045702321,0.312155364,0.049717456,0.331619957,0.047296636,1.208734624,0.825868709,0.043951889,0.431519484,0.044406898,0.861000956,0.233440065
7035,0.150933968,0.11773813,0.023450053,1.575036796,1.737136931,0.002094175,0.389063047,0.043717701,1.466929423,1.08207211,0.001951398,0.353775904,0.044713801,1.559039198,1.125343432,0.002368363,0.443927881,0.039793445,1.125593911,1.187119423
7036,0.214504555,0.057677368,0.025875236,1.551949427,3.668222059,0.000935788,0.373001672,0.042605669,1.206663514,2.405761012,0.000930375,0.333896972,0.043720215,1.300723084,2.396702913,0.001061777,0.422826322,0.039141577,1.003655582,2.416727793
7037,0.097797059,0.177186013,0.055390354,1.242833214,-0.051171524,0.00062637,0.390943315,0.044467271,0.673968535,0.402058546,0.000684608,0.353067676,0.045328537,0.709361582,0.418459413,0.000743588,0.453579821,0.041857787,0.58419399,0.380365969
7038,0.286333432,0.101075035,0.058068728,1.761752194,0.165383606,0.001049146,0.365036867,0.042311154,0.928173564,1.253841493,0.001019919,0.324431578,0.043760347,1.007286841,1.266070774,0.001279131,0.407078856,0.037934522,0.720334743,1.307927378
7039,0.329061197,0.024779016,0.056535133,1.313662699,-0.009956913,0.001162898,0.366749173,0.044773311,1.207977195,0.421204495,0.001105263,0.328893494,0.045608326,1.302624019,0.435284539,0.001434284,0.41897026,0.042102556,1.017908308,0.41751337
7040,0.136776417,0.060028457,0.083696582,1.172748207,1.64746946,0.002069915,0.372992898,0.041863056,0.74218995,1.177977001,0.002364749,0.329380887,0.043270901,0.812797601,1.178855003,0.002752731,0.423674368,0.035975154,0.366347495,1.354592338
7041,0.14891971,0.12227,0.020173024,1.946052972,1.975195374,0.062080938,0.382748655,0.04682547,1.129501466,0.722148075,0.068494852,0.339362316,0.047704838,1.277538076,1.196205888,0.058176196,0.437523559,0.045964529,0.88668799,0.747050222
7042,0.074290062,0.172276309,0.074210557,1.651722665,2.314389194,0.000877972,0.459933745,0.039737348,1.184695337,2.319345094,0.000950307,0.444121813,0.041380963,1.222142979,2.326552262,0.001082613,0.563628125,0.03545868,1.029063494,2.360957412
7043,0.214823119,0.057443612,0.025942042,1.55715109,3.66650746,0.031286301,0.385284152,0.046471914,1.064561231,1.487304838,0.038889504,0.342485089,0.047224146,1.189359541,1.71444516,0.029843912,0.442096139,0.044932248,0.81127603,1.559441932
7044,0.264869419,0.030308344,0.056351267,1.519742889,0.20008402,0.003539272,0.383823967,0.044978299,1.04856833,0.373653627,0.004056729,0.343820515,0.045777051,1.127207334,0.415133292,0.003983956,0.438452684,0.042710194,0.749440091,0.438838177
7045,0.162274217,0.128268478,0.077722987,1.592768624,0.856104424,0.001021905,0.408450185,0.043899842,1.195240529,1.463918542,0.000932015,0.379002103,0.044818615,1.265258944,1.482106145,0.001238118,0.460786198,0.040410707,0.944894649,1.496086968
7046,0.080440105,0.173383486,0.026765612,1.27360868,2.743600756,0.001142001,0.364400466,0.047060102,0.757628402,3.00206417,0.001393292,0.318298913,0.047286084,0.843083003,2.976601178,0.001363986,0.413165523,0.044084639,0.329924692,3.165512806
7048,0.19477123,0.077052768,0.054335809,1.167819155,0.068464479,0.001046371,0.444369645,0.042838294,1.409730371,0.719798542,0.001260599,0.429448971,0.044035141,1.459299968,0.714013495,0.001361868,0.520064936,0.038244521,1.049752514,0.854588965
7049,0.077742709,0.123864194,0.024028214,1.686953301,1.783283245,0.009653791,0.399056463,0.045111761,0.853538093,0.374540773,0.01259612,0.363454838,0.045925238,0.899577369,0.417784791,0.009888339,0.455149294,0.042798793,0.705266675,0.358478281
7050,0.15595591,0.134432512,0.067703718,1.339291901,1.28885589,0.002553477,0.455346626,0.04422971,1.636688157,1.471597086,0.003091318,0.441538575,0.045144489,1.70573885,1.477746029,0.002842664,0.537217186,0.040464286,1.370606215,1.456445438
7051,0.262192679,0.156551698,0.044270283,1.08410149,0.701500774,0.000645513,0.405875766,0.049651323,1.130094099,1.682835258,0.000682146,0.377674727,0.049364509,1.180192149,1.68745606,0.000820422,0.447594416,0.050946987,0.647883147,1.922436916
7052,0.196633113,0.034987935,0.074678765,1.699910159,1.21385501,0.001572162,0.408634569,0.042422092,1.466306357,2.264763653,0.00186716,0.378531104,0.043521765,1.545868895,2.244600872,0.001662828,0.484081097,0.038611535,1.12152325,2.392089192
7053,0.126861427,0.051066345,0.054144917,0.992789694,0.816575813,0.003203816,0.37753679,0.045457811,0.891340448,0.285795878,0.003666596,0.338659483,0.046168315,0.964419201,0.335787475,0.003473177,0.437735597,0.042971232,0.810957996,0.164052172
7054,0.092444553,0.181564795,0.111516706,0.922516264,2.148657584,0.000977994,0.366234102,0.04583619,0.742347471,0.596516407,0.001147923,0.321168523,0.046418038,0.802895583,0.608788769,0.001403726,0.411054572,0.044562744,0.352168535,0.740027201
7055,0.332966128,0.021946802,0.044355005,1.660620905,1.484866269,0.006115761,0.39212134,0.044827619,1.314692672,0.263843992,0.006888312,0.355769716,0.045487255,1.403683001,0.364533975,0.006394233,0.465036587,0.042374043,1.008043212,0.289348709
7056,0.134099599,0.196826056,0.06860425,1.82710211,1.461533394,0.001278898,0.389418645,0.054898033,0.862714162,2.434953088,0.001647754,0.35141756,0.053592822,0.917129807,2.419629678,0.001686574,0.454246343,0.058394662,0.497869238,2.561794005
7057,0.056705394,0.092963913,0.092331131,0.608309747,1.814243265,0.000413402,0.415055415,0.046321261,0.922067672,0.604985058,0.000463252,0.390448528,0.046734181,0.949169233,0.62686495,0.000593307,0.440660625,0.045825547,0.438568366,0.829090661
7058,0.149926185,0.027103278,0.061808157,1.719254839,-0.122828121,0.008872679,0.355720504,0.045777197,1.097162904,1.034856568,0.009339509,0.3072345,0.046640208,1.235598252,1.212023588,0.009050968,0.396640354,0.043514947,0.909174458,1.018294184
7059,0.307808877,0.094703699,0.055992286,0.996343919,0.318125421,0.003283725,0.408193561,0.043294453,1.357792505,0.544174863,0.003701898,0.379600814,0.04433139,1.436589131,0.562270534,0.003687602,0.481796635,0.039220173,1.009859069,0.661488586
7060,0.132427307,0.19058559,0.039887455,1.485788844,2.011546901,0.000749097,0.404364735,0.052668732,0.658387932,2.142662583,0.001015769,0.371375187,0.051690833,0.680113904,2.135233421,0.000889096,0.478121779,0.054894061,0.553144764,2.163594119
7061,0.116222862,0.145552413,0.027100874,1.512490655,2.281024072,0.004980994,0.378630454,0.050517241,1.001604917,1.39390297,0.007418723,0.343233637,0.049744635,1.06441051,1.289363413,0.005301926,0.447834921,0.052230339,0.6991094,1.460852874
7062,0.44814186,0.107646511,0.065734506,1.77215422,-0.154317802,0.002231773,0.489164382,0.046843221,1.593226648,0.628434117,0.00227304,0.483125219,0.047340466,1.652854086,0.677929396,0.002559935,0.562686534,0.04592555,1.16036274,0.726345542
7063,0.228858374,0.192453689,0.063828509,2.16305543,0.83720915,0.001522946,0.394667132,0.049073778,1.403116495,2.156016367,0.001739711,0.356358951,0.048869194,1.501519612,2.14249721,0.001679636,0.442178978,0.048048002,1.015223338,2.279362065
7064,0.218436701,0.039818749,0.020786798,1.359943006,3.163111427,0.00620629,0.411987751,0.049207144,0.872749664,1.481831578,0.010159685,0.385936753,0.048619292,0.88300729,1.331519778,0.006611264,0.503437473,0.050057431,0.577421503,1.547004879
7065,0.163481903,0.038274576,0.027237881,1.771443634,1.666725137,0.009872398,0.376096691,0.046385433,0.821212293,1.580830793,0.012346225,0.331481245,0.047205627,0.919272948,1.67247689,0.010083365,0.428823823,0.044241615,0.654069452,1.577172044
7066,0.084576901,0.041211293,0.056221931,1.687460338,-0.141069881,0.00122445,0.367135081,0.052291421,1.383276976,1.735253604,0.001455296,0.330447175,0.051304911,1.475101622,1.7188608,0.001433358,0.41501518,0.057533864,1.018056527,1.849599763
7067,0.197636519,0.07944079,0.038521565,1.084963006,1.141316556,0.016004143,0.384092299,0.045199892,1.203129196,2.220962215,0.019002699,0.343286242,0.0458716,1.31505865,2.388904257,0.014757783,0.439741223,0.042572811,0.930889164,2.313418146
7068,0.06061158,0.104912813,0.049420145,0.623494116,0.605124873,0.005315986,0.41825396,0.04683363,0.898604979,1.080904774,0.006125528,0.38585686,0.047462589,0.9553533,1.161186909,0.005682818,0.485613501,0.046026183,0.682163787,1.087756141
7069,0.262081832,0.031608556,0.02306038,1.748899605,2.333120579,0.001538724,0.365733904,0.044429816,0.90795242,0.176831398,0.001555028,0.32226137,0.04527135,0.985674356,0.209737277,0.001793636,0.422045776,0.041979326,0.74452176,0.166644915
7070,0.095663904,0.151906128,0.054914859,1.595429881,0.901519937,0.000916096,0.384384149,0.049509215,0.862134121,2.924443348,0.001125724,0.345729266,0.049234715,0.916091459,2.905889245,0.001275105,0.422962831,0.050070852,0.377893623,3.124781123
7071,0.206692732,0.066083379,0.057712695,2.373551044,-0.357358555,0.000911956,0.371434171,0.037317304,0.882698075,1.943874705,0.000934576,0.331836928,0.039374322,0.958751821,1.934099304,0.001067028,0.420452716,0.031021177,0.727156229,1.990399634
7072,0.154785418,0.097664861,0.047569407,2.314534059,0.686232801,0.006394199,0.385289571,0.044883463,1.03683938,0.140149168,0.00759414,0.339031842,0.045522056,1.136708484,0.194489934,0.006829376,0.434171014,0.042254021,0.69964618,0.234063224
7073,0.214079793,0.021474072,0.060227803,1.490665749,0.0373707,0.010062318,0.361936934,0.045002192,0.823340896,0.435402828,0.012581578,0.310105231,0.0458427,0.951158923,0.491513483,0.010709453,0.413884231,0.042937841,0.473070362,0.507966458
7074,0.152916495,0.035735972,0.051652706,1.868838783,1.226934892,0.003983843,0.39625373,0.047326051,1.075178131,1.794861142,0.004534077,0.362197764,0.047629756,1.144002436,1.856528937,0.004395135,0.454140092,0.045732262,0.792237618,1.814306722
7075,0.070579096,0.125328834,0.030703241,1.473228561,2.564378131,0.005610872,0.380077972,0.043717277,1.319116382,1.310029619,0.007820614,0.345317952,0.044775981,1.413973099,1.256941874,0.005558509,0.433552836,0.039709901,0.894644041,1.508071989
7076,0.334943582,0.028374316,0.061324198,1.419412005,1.595458733,0.002698847,0.36148156,0.038963484,0.920752386,2.495297663,0.003713954,0.316265982,0.041030773,1.032520515,2.425690505,0.002877754,0.415005845,0.032632779,0.526119474,2.658442062
7077,0.113904952,0.1160693,0.08042574,1.766642583,1.173328984,0.003040973,0.38946402,0.039995351,0.944842416,2.526474246,0.004163343,0.349712054,0.041790712,1.024535465,2.476706001,0.003138773,0.428824977,0.033383588,0.389139926,2.750365044
7078,0.206504233,0.035546106,0.089207168,1.636244751,1.329292529,0.01367959,0.386241915,0.041912345,1.1845774,2.133185087,0.015313142,0.346007877,0.04290168,1.285099709,2.30685593,0.013555759,0.442981237,0.038237052,0.931423931,2.156557655
7079,0.077962386,0.196678028,0.090381065,0.544801587,1.23885008,0.000488087,0.447306204,0.048738417,0.942651562,1.10492827,0.000539789,0.43125641,0.048676157,0.967012946,1.124145966,0.0006417,0.47618671,0.050757898,0.44669066,1.29870546
7080,0.328257582,0.046220341,0.053172192,1.379452937,0.256310325,0.002607349,0.400170171,0.042221808,1.119542341,1.575622145,0.002621048,0.368951194,0.043589176,1.194537867,1.639595988,0.003006923,0.459226303,0.038319937,0.909117776,1.559195919
7082,0.271770407,0.041496742,0.047375928,1.702340702,0.673271842,0.005765735,0.375130583,0.040490716,1.093982318,1.724679238,0.006921906,0.334107067,0.042277174,1.195774946,1.744257615,0.005606468,0.427093077,0.034238164,0.727821699,1.914642224
7083,0.235334098,0.027975307,0.071918915,1.642140864,1.689959006,0.013895222,0.388971447,0.048533214,1.011598029,1.324036604,0.014823422,0.34388244,0.049113816,1.128877816,1.586172028,0.013992672,0.44636002,0.048270918,0.831606928,1.301389479
7084,0.137157051,0.074454646,0.057046684,0.57055684,0.80824622,0.00122743,0.416301933,0.037956848,1.437577315,2.894933473,0.001456023,0.389071551,0.040073972,1.523235992,2.874695177,0.001260931,0.485150336,0.032446161,1.14325214,2.948379967
7085,0.299982026,0.09647133,0.026295314,0.84413465,1.352855239,0.023262649,0.385869806,0.047115762,1.019089998,1.26983359,0.029478597,0.343758491,0.047680471,1.117710511,1.487667962,0.023030114,0.437351699,0.045987513,0.788774833,1.272367161
7086,0.172179654,0.12641773,0.025384485,1.068967255,1.764311215,0.004971047,0.396773185,0.044893045,0.761330296,1.810738588,0.006181684,0.359642136,0.045801415,0.822109886,1.828938306,0.005691032,0.433827192,0.041851439,0.345745417,1.935075427
7087,0.111205611,0.040236083,0.05471904,1.310302424,0.027851266,0.004128255,0.376420602,0.044450947,0.950367492,0.339284781,0.004375249,0.332560474,0.044964768,1.049358622,0.433454297,0.004472284,0.42037509,0.041716555,0.812943637,0.278123011
7088,0.100992655,0.101311224,0.108123823,1.475167993,2.725745725,0.001905783,0.371746923,0.047117023,1.091104696,2.069512365,0.002142133,0.325435557,0.047471212,1.18891559,2.074013055,0.002248676,0.409654834,0.045885321,0.797786391,2.122159277
7089,0.278607075,0.026725254,0.056435543,1.012116966,0.032355046,0.00090927,0.398357449,0.045442575,0.652551229,0.758516917,0.000933352,0.357577801,0.046159631,0.695269248,0.78845986,0.001065732,0.473248266,0.042915409,0.600625166,0.706016199
7090,0.251604543,0.049926407,0.031486804,1.671087288,1.173422679,0.007059226,0.396844564,0.046121743,1.149441549,0.564174714,0.007270183,0.357451342,0.047070122,1.249107234,0.753320853,0.007513391,0.463030025,0.044213517,0.996184915,0.479255445
7091,0.064690909,0.034681641,0.075980814,0.977325313,-0.365745559,0.003154058,0.384935077,0.045737377,0.890046587,0.240772547,0.003186826,0.341785536,0.046565652,0.977226973,0.333365436,0.003483067,0.437662183,0.043363389,0.764903762,0.162891547
7092,0.186456659,0.021958313,0.065111586,1.5970699,1.506350362,0.00243157,0.36494824,0.048424808,0.96205586,1.809463396,0.002112966,0.318667419,0.048484718,1.076528203,1.891723983,0.002850967,0.412477634,0.04915464,0.833419851,1.72231781
7093,0.149451974,0.048623058,0.043542554,1.644992683,1.391886279,0.006663345,0.38206043,0.043132987,1.449211244,0.657511755,0.008274395,0.343343265,0.04429249,1.565112608,0.663412122,0.006473759,0.439281853,0.038584626,1.06533227,0.841536774
7094,0.160453357,0.084936039,0.034921176,0.607397296,2.048293725,0.001765211,0.368226033,0.047119141,0.83197746,0.797955613,0.001768582,0.324104468,0.047475263,0.918268409,0.832683421,0.002076761,0.42146834,0.046387992,0.650304783,0.800535036
7095,0.205984287,0.131898671,0.087330485,1.331859777,1.85231112,0.00363381,0.394059724,0.04595754,1.006723874,1.371962546,0.003850022,0.35695675,0.046799762,1.090102145,1.435633019,0.004016149,0.455045514,0.042523281,0.816822552,1.366827026
7096,0.237553419,0.035841061,0.056723052,1.603405243,2.591811847,0.000577439,0.36735243,0.050508234,0.687556561,2.650652423,0.000628411,0.322928188,0.04994155,0.756457248,2.635112932,0.000673726,0.421371975,0.051258656,0.58165295,2.671888489
7097,0.210245917,0.194187673,0.058954863,1.589761829,1.017577779,0.007743795,0.386997486,0.043069454,1.245238875,2.557837507,0.008940729,0.349381163,0.044046996,1.34778806,2.648579977,0.007650652,0.442292455,0.039429992,0.961733328,2.616774091
7098,0.075142161,0.1312179,0.053344831,1.236493783,0.765574432,0.000434443,0.420092658,0.041608427,0.57252348,1.231545852,0.000529478,0.392654067,0.043004051,0.578245298,1.230814575,0.00054992,0.473708872,0.036976623,0.356793591,1.348960399
7099,0.280380377,0.038097014,0.056253737,1.62245846,2.031540699,0.001067313,0.397592011,0.044071882,0.888249256,2.564564325,0.001311912,0.361205459,0.044997457,0.941186587,2.562513128,0.001306247,0.45084529,0.04129785,0.62117559,2.617326567
7100,0.068121337,0.066302042,0.071466408,0.53360713,1.672747332,0.02127857,0.364979984,0.046549708,1.115304776,0.281069337,0.023853983,0.314802883,0.047880967,1.27236975,0.658189603,0.021437883,0.40736754,0.04458446,0.903655557,0.19207637
7101,0.054764962,0.109916569,0.086109652,1.137090745,0.879085329,0.002868722,0.396132542,0.046155164,1.051124331,1.67835025,0.002638993,0.355857059,0.046812916,1.140143431,1.775003725,0.003271668,0.45550216,0.044832074,0.893178305,1.606058244
7102,0.059226402,0.126213774,0.028174078,1.362722704,1.919428754,0.002186456,0.432298729,0.050532948,1.401134299,1.71940094,0.002999861,0.411238222,0.050195523,1.468723431,1.693451708,0.002352446,0.529202769,0.05356027,0.864789305,1.969837005
7103,0.095491472,0.069624449,0.055842047,1.37498756,0.864749706,0.001288636,0.430802508,0.043134902,1.476071536,1.926073612,0.001621277,0.411638999,0.044160043,1.542320753,1.901474045,0.001469672,0.527494986,0.039461772,0.965516299,2.20825832
7104,0.084530443,0.144585326,0.068412492,1.62289683,2.950407479,0.011978977,0.384676541,0.04670822,0.990137532,0.789400528,0.011924092,0.33772906,0.047456252,1.120721662,1.114521826,0.012370673,0.430305704,0.044987973,0.81680229,0.723369856
7105,0.232432451,0.037569669,0.060320776,1.104704059,0.217188207,0.00939613,0.377780593,0.047167196,1.050448225,2.360256909,0.012743311,0.335893582,0.047651956,1.15154587,2.380482751,0.009446224,0.436705307,0.046266562,0.826800133,2.38751228
7106,0.28504221,0.050788016,0.082689376,1.166218094,1.215688618,0.00154612,0.386939126,0.042020463,1.053789686,2.025744711,0.001627825,0.347552132,0.043137359,1.124658385,2.037284204,0.001805734,0.44093954,0.038391733,0.840265415,2.023290334
7107,0.353616264,0.325668026,0.08716486,2.267521458,1.457993662,0.002061928,0.464922855,0.049970805,1.383052348,1.762784747,0.002760973,0.452350908,0.049781726,1.437386703,1.748766215,0.002392763,0.548429854,0.050350712,1.048593965,1.821859155
7109,0.248153304,0.081650988,0.066266963,2.212092992,0.628218776,0.001034117,0.378377491,0.0460969,1.513756911,1.406002715,0.001165757,0.345284902,0.046732932,1.605268508,1.393005296,0.00122485,0.414554714,0.043641101,1.126553054,1.544115284
7110,0.215560824,0.04114272,0.031839098,1.077145467,2.861384582,0.004937581,0.358128396,0.049989156,0.805248027,1.187638959,0.004822896,0.304376224,0.049927661,0.950181247,1.305914134,0.005293889,0.396455505,0.050395145,0.648564215,1.129839016
7111,0.22336129,0.075198488,0.05642325,1.948325797,1.895433896,0.001961486,0.390802489,0.044580524,1.02436287,1.710438708,0.002007044,0.35192386,0.045495616,1.101882578,1.742303535,0.002275809,0.450402154,0.040918628,0.770670269,1.772331289
7112,0.141271345,0.090579677,0.034512812,1.859427457,1.646199823,0.002375111,0.388516942,0.0465116,1.294954873,1.354529038,0.00209415,0.343943721,0.046833845,1.394099406,1.436374962,0.002763401,0.450163984,0.045290435,1.117225546,1.257267756
7113,0.15924186,0.070817925,0.030300869,0.950027749,1.211734295,0.001234634,0.350598323,0.041143452,0.500976507,0.658849962,0.001219138,0.300223569,0.04269578,0.599305078,0.65044286,0.00142983,0.38883567,0.035737611,0.402525824,0.732149798
7114,0.152299436,0.054996331,0.057381739,1.733493175,-0.335732754,0.003897264,0.381500901,0.043701022,1.622627071,0.679953291,0.004793164,0.347511836,0.044584021,1.724266162,0.680487555,0.00400062,0.448204111,0.040537988,1.26381918,0.762371694
7115,0.25768878,0.032107614,0.050089256,1.361716908,2.153670426,0.007780865,0.37519542,0.046213505,1.096563165,0.448525345,0.00890937,0.335157863,0.046994268,1.213188784,0.563631979,0.0081648,0.430712666,0.04443539,0.907381694,0.3814961
7116,0.08896234,0.070039444,0.033232369,0.867511085,1.274611989,0.000980605,0.36443132,0.036077123,0.969559865,1.448606105,0.000989251,0.326138546,0.038530535,1.06161555,1.422612156,0.001159709,0.410531227,0.028546174,0.773660789,1.575167669
7117,0.222201743,0.030830709,0.081719029,1.392392748,1.340469241,0.0025494,0.363380636,0.045939071,1.019673868,1.281576753,0.002583412,0.320112495,0.046550765,1.127216767,1.328355087,0.002882736,0.416442574,0.044013942,0.806569632,1.309958204
7118,0.072690754,0.040183625,0.145206002,1.010422672,0.926816468,0.000655571,0.378878272,0.044957144,0.653498178,-0.18171592,0.000714612,0.3407985,0.045708622,0.696099021,-0.156945025,0.00076352,0.430466153,0.042467518,0.550599785,-0.21491394
7119,0.315471412,0.048231429,0.055707853,1.309889656,1.14648594,0.001343373,0.424840909,0.054573399,1.278204201,2.492233208,0.001731729,0.401860813,0.053313037,1.33745796,2.473411503,0.001639094,0.47243004,0.058884266,0.609708752,2.840344351
7120,0.140240657,0.065955464,0.036801586,1.018386185,1.112832911,0.000481918,0.385410053,0.04664284,0.830945229,1.059703783,0.000498019,0.350325838,0.046870499,0.877000122,1.06885229,0.000576215,0.432394437,0.045107352,0.740292082,1.027019315
7121,0.15313674,0.039542136,0.03969932,0.854193727,0.813630752,0.002460777,0.368341571,0.043899756,0.970857714,0.574431737,0.002222369,0.321883886,0.044773929,1.082812899,0.634654035,0.002725599,0.419922819,0.040889739,0.823694071,0.545991457
7122,0.256053856,0.166411363,0.120244747,2.366451987,1.06015789,0.001996774,0.393614996,0.045207304,1.148992397,1.565470994,0.001963793,0.348804048,0.045782775,1.233864562,1.603089797,0.002320701,0.456046475,0.043026084,0.929501826,1.557090017
7123,0.064846397,0.089701732,0.03340972,1.450397366,2.331587526,0.001268884,0.359254441,0.041472815,0.922011975,1.470759099,0.001273429,0.313863666,0.042979939,1.024840096,1.460514759,0.001502118,0.404457359,0.036690472,0.729855268,1.536759334
7124,0.060140023,0.100854552,0.074659412,0.727598213,2.832049244,0.001275386,0.436162421,0.049452918,1.276144005,3.62452206,0.001651308,0.418854609,0.049321313,1.350956747,3.590248306,0.001405688,0.459289574,0.050877734,0.542678679,4.072892558
7125,0.072403279,0.068121475,0.230459587,0.741821784,2.663858543,0.003565546,0.399580198,0.048034627,0.806345337,0.947600477,0.004187558,0.363110988,0.048141588,0.855072181,0.984624154,0.004161556,0.449621463,0.047611603,0.52705284,0.937344811
7126,0.093208231,0.191539159,0.071824602,0.350764583,1.600570997,0.01025858,0.363194667,0.046075306,0.605033657,-0.236044361,0.010973041,0.308885101,0.045998689,0.75843179,-0.000660147,0.01038048,0.410251973,0.045073354,0.533989894,-0.323477982
7127,0.087788715,0.026857553,0.064136023,0.835159529,-0.0574506,0.001515829,0.357426172,0.046030659,0.954164639,0.748391238,0.001487173,0.319666139,0.046419114,1.042495096,0.777189361,0.001749492,0.401105384,0.044067779,0.843441224,0.672522772
7128,0.133115462,0.037229807,0.060647697,1.454865905,0.037647847,0.03301949,0.389095193,0.043321438,1.112254871,2.774850617,0.038268154,0.350864181,0.044103187,1.21487248,2.936907094,0.026067691,0.442622302,0.039699793,0.829270785,2.984288552
7129,0.202491455,0.151071806,0.14724363,1.194174052,2.486746166,0.000672305,0.409753689,0.055311817,1.013333004,2.609839674,0.000702384,0.384320925,0.054044544,1.057443298,2.608160542,0.000804617,0.469252677,0.060673634,0.801349073,2.645143709
7130,0.08251843,0.242822471,0.072759462,1.539893099,1.138336339,0.000443805,0.379912911,0.050796809,0.459823893,2.590111338,0.000466418,0.337686856,0.0503499,0.495285978,2.597492436,0.000517839,0.43072824,0.051977085,0.39598549,2.598648441
7131,0.094018974,0.146939012,0.045417831,1.629300522,2.191665159,0.004748898,0.3706949,0.043140931,0.982477497,0.832025549,0.005383808,0.326951219,0.044185923,1.079858536,0.88437945,0.005112588,0.417502365,0.039667329,0.779557355,0.850409478
7132,0.326307666,0.032714586,0.057392556,1.853719551,0.439041354,0.001546712,0.376768509,0.045363072,1.346528089,2.816294859,0.001684741,0.34040721,0.046089554,1.457084783,2.791186093,0.001663331,0.434764597,0.043095508,1.033409149,2.912023244
7133,0.093256975,0.091778417,0.068412154,1.294183358,1.445296797,0.000415138,0.433795414,0.051097002,1.002177242,3.020631058,0.00042546,0.412446663,0.050544119,1.044877854,3.006451957,0.0005013,0.511027941,0.053050164,0.867653114,3.030402667
7134,0.151179949,0.080769277,0.057391765,2.104900803,0.593362826,0.001158958,0.388208669,0.038692997,1.408340246,1.747360548,0.001220171,0.354713057,0.040906828,1.513695282,1.720836407,0.001319963,0.448796028,0.031744782,1.077121463,1.898333484
7135,0.321229814,0.048392861,0.07458479,2.12642578,1.096220547,0.001068578,0.416738473,0.05266196,1.131240431,2.028955066,0.001354923,0.388626159,0.051704572,1.182290909,2.024516195,0.001251917,0.456168553,0.05534994,0.812763101,2.093390835
7138,0.108216202,0.225045482,0.04995417,1.679298544,1.311291172,0.024240083,0.387794092,0.048131396,1.080866659,0.720452804,0.031515258,0.343216257,0.048744817,1.187887071,0.900127534,0.024188725,0.429436695,0.04796985,0.73177495,0.784042287
7139,0.11621169,0.116700355,0.052243442,1.787458255,0.629881361,0.000371069,0.368187665,0.04550157,0.60582277,3.786384262,0.000392743,0.32266745,0.046027108,0.696861894,3.74977065,0.000440555,0.416728019,0.043806231,0.457373019,3.845675011
7140,0.289871216,0.026145345,0.094504373,1.630745894,1.234445617,0.000652717,0.384552714,0.039547211,0.406222912,1.908849144,0.000760748,0.346684266,0.041318513,0.435858146,1.899052284,0.000766054,0.432713896,0.034269754,0.326239454,1.950568314
7141,0.171416544,0.060096879,0.050706024,0.747445518,0.611609786,0.002221793,0.375117238,0.044101289,0.172082024,0.905597016,0.002585491,0.326714261,0.044973922,0.229043377,0.927267253,0.002364273,0.426425532,0.041093957,0.158163834,0.916134787
7142,0.069685566,0.152155425,0.023245853,1.359776727,2.291190416,0.001088387,0.385554526,0.044107281,1.302807156,1.610775233,0.001315091,0.354867578,0.045028866,1.380110766,1.589607745,0.001262453,0.439772377,0.039850342,0.715971694,1.944963576
7143,0.127908374,0.11741288,0.071399487,1.394176007,3.081045463,0.001285207,0.414544424,0.047092923,1.389983633,1.685650708,0.001628183,0.389082323,0.047285972,1.454392667,1.670771583,0.001553239,0.475530717,0.046396165,0.780550181,1.984776607
7144,0.160316239,0.085586014,0.056688732,1.338827719,-0.029341613,0.00513393,0.384554715,0.043458864,0.545894852,1.70396532,0.007628629,0.341367293,0.044578458,0.595692275,1.607154976,0.006327495,0.431718925,0.038857014,0.072087867,1.828546016
7146,0.09087249,0.042823543,0.032590693,0.605318638,2.130023633,0.002843754,0.362550789,0.044402927,1.141270491,0.989078085,0.002779423,0.31753426,0.045444576,1.265179566,1.041483368,0.003255521,0.408829941,0.041248534,0.891982104,1.025141015
7147,0.160864489,0.061783873,0.066211097,1.851768905,1.32248895,0.001259291,0.374767106,0.042835859,0.852911149,1.599136799,0.001431005,0.334932657,0.044187965,0.918203289,1.598382856,0.00158369,0.422349257,0.037681849,0.586617689,1.687475737
7148,0.134039851,0.076279994,0.017052651,1.37531948,1.445249493,0.002137509,0.406081693,0.036540039,1.495745202,1.499215883,0.002625994,0.3758183,0.038979046,1.602029029,1.437576828,0.002012764,0.451874583,0.027199593,0.898252812,1.944778304
7149,0.176385367,0.071321708,0.031307743,1.716316562,2.64341137,0.001523421,0.377371358,0.043274589,0.916514517,2.351939631,0.001702977,0.335916907,0.04429811,1.002019209,2.341037816,0.001690389,0.429903202,0.038978162,0.518292995,2.55506737
7150,0.196117972,0.15783118,0.119744973,1.799993181,1.980798659,0.001452126,0.400708307,0.043595857,1.035902809,1.880126691,0.001751111,0.368172554,0.044539478,1.09024689,1.866209748,0.002023493,0.424366262,0.039884971,0.357599305,2.196729512
7151,0.193993709,0.030098476,0.061202801,1.110426588,-0.206323048,0.003306721,0.37035507,0.044913803,0.651558375,1.074220348,0.003245788,0.321629097,0.045607358,0.75812669,1.161721105,0.00357391,0.419942893,0.042661481,0.583448937,1.00909131
7152,0.082449503,0.073185005,0.086783919,1.097488737,1.011526717,0.002504557,0.366439943,0.042515602,0.511974351,0.939321294,0.002738797,0.315705853,0.043928586,0.596337271,0.955773338,0.002894564,0.415204547,0.037918999,0.316930906,0.999715253
7153,0.172459536,0.036386154,0.031179838,1.055147065,0.978223294,0.010776932,0.367396786,0.04949088,1.051561732,1.246871124,0.012488408,0.32363424,0.049752566,1.170479343,1.40337326,0.01111868,0.405254251,0.049364072,0.782754772,1.248733237
7154,0.171596446,0.154089878,0.05378978,1.290629537,1.543890525,0.001989016,0.424072622,0.046289962,1.212471776,2.518689302,0.002607951,0.399894816,0.046705509,1.260532821,2.499045181,0.002288962,0.524857308,0.046042422,0.926776903,2.579393088
7155,0.194036894,0.02118189,0.067783427,1.300648998,0.798311177,0.000419025,0.393048301,0.061085693,0.246205555,2.149872629,0.000491396,0.354750575,0.058028384,0.248628029,2.151357893,0.000569156,0.434304131,0.068098066,-0.009026088,2.211156766
7156,0.221729743,0.065013643,0.061136327,1.053957144,0.326950569,0.009418589,0.389891122,0.045560476,0.785728104,0.155463118,0.012481017,0.347298915,0.046205996,0.854894447,0.178954192,0.009549606,0.459755275,0.043010499,0.683397479,0.093667833
7157,0.141869956,0.053118156,0.027472998,1.321518446,2.519559337,0.018522565,0.403391369,0.045893224,1.198520337,0.169836906,0.026474987,0.366872994,0.046479986,1.268407073,0.228589841,0.018279162,0.460062984,0.043647509,0.819081604,0.292954779
7158,0.23228286,0.030812451,0.065978578,1.764991181,1.072355655,0.000946984,0.38988343,0.047388971,1.043658809,3.067906786,0.001191116,0.353404706,0.047554896,1.110317486,3.049754418,0.001034233,0.441473347,0.04559102,0.500251559,3.321142026
7159,0.096465115,0.063339971,0.033085587,1.150607844,0.907808056,0.000437441,0.418233107,0.049853867,1.25705329,2.304076935,0.000437921,0.392387105,0.049769897,1.318040954,2.297535496,0.00053318,0.48412672,0.050551944,1.08177686,2.280319193
7160,0.174497567,0.124564054,0.105492214,1.053794518,1.676648735,0.000396878,0.373460926,0.048086324,0.645281797,3.510307273,0.000422711,0.329006302,0.048191766,0.716728749,3.486095364,0.00047557,0.422771733,0.048278834,0.523077965,3.558132278
7161,0.186537147,0.147321454,0.05310094,1.589078898,1.425398397,0.001692579,0.367927354,0.05422663,1.297165966,2.051565788,0.001835685,0.32866145,0.053118191,1.403383756,2.044404195,0.00189831,0.418799929,0.0582117,0.980982512,2.099764116
7162,0.047638031,0.054889477,0.052873913,1.253528161,1.248288389,0.002817206,0.373254807,0.043385722,0.501703994,0.57071661,0.003238945,0.327516302,0.044336106,0.564597903,0.604504602,0.003200341,0.413517893,0.039806378,0.333300586,0.592113141
7163,0.081661463,0.107474689,0.037868322,1.630160319,1.946738973,0.000661985,0.379426197,0.040394165,0.473114367,3.105892634,0.000695366,0.335613623,0.041990702,0.533035786,3.096921715,0.000794401,0.431332206,0.035716933,0.26507671,3.188287159
7164,0.345886556,0.069588184,0.027354478,1.383615061,1.4297346,0.001701073,0.393297198,0.043252793,1.485920632,2.404362326,0.001937704,0.361521249,0.044226912,1.581206281,2.396101466,0.001703679,0.440051681,0.039173726,1.056833158,2.548586436
7166,0.082977409,0.101134241,0.03489352,1.250948031,1.455651924,0.001125207,0.384065551,0.043460466,1.048399613,1.097805546,0.001053666,0.344754707,0.044670312,1.119638533,1.123123558,0.001357214,0.44743175,0.040248538,0.870586354,1.117638397
7167,0.077523089,0.106061704,0.073476432,1.544939625,0.363636557,0.001941797,0.352464674,0.041234967,1.062044209,1.309991909,0.002201672,0.306096037,0.0426577,1.171287713,1.293468444,0.002305945,0.404264254,0.037348155,0.846014245,1.327302718
7168,0.215769327,0.057736354,0.025866557,1.554783342,3.664616388,0.026124241,0.381591613,0.045753746,1.041670993,1.937142449,0.027981948,0.339004162,0.046040857,1.157466409,2.24835078,0.025440806,0.436058493,0.044453305,0.817001775,1.978916519
7169,0.338028038,0.293527489,0.059728029,1.464252936,2.236819465,0.000723398,0.393655329,0.046696825,0.515708858,3.104291425,0.000808722,0.356254485,0.047136319,0.549674865,3.098472472,0.000945579,0.439428604,0.044763432,0.168834663,3.187425932
7170,0.157922321,0.035066111,0.052011058,1.34646061,0.387558734,0.003091278,0.369926073,0.043095191,0.407608844,1.030939848,0.003525892,0.323103648,0.044040136,0.478701338,1.058332549,0.003262108,0.414120379,0.039963731,0.346156692,1.045102001
7171,0.079927054,0.069722239,0.062503657,1.434094592,0.026584306,0.001106512,0.408008993,0.039328753,1.000824827,1.517798037,0.001389627,0.378602084,0.041123701,1.050560033,1.495970849,0.001509534,0.445320949,0.032026015,0.429307732,1.83756522
7172,0.198045559,0.029867149,0.057658303,1.297566649,2.221626571,0.009506985,0.400781177,0.050231944,1.2453755,1.695704369,0.01265451,0.366746624,0.049871416,1.334084268,1.730211707,0.009012206,0.436202298,0.051442731,0.83710784,1.862183863
7173,0.197118999,0.020243243,0.059867412,1.299873974,1.056323166,0.006158892,0.393090948,0.044208809,0.952924639,0.646255267,0.007775617,0.359696531,0.045207703,1.012007651,0.651632825,0.006618061,0.457157129,0.041459158,0.653388724,0.680198466
7174,0.086748881,0.151781501,0.026895032,1.165144528,2.746495315,0.000703603,0.387577294,0.046260285,0.836951956,3.247090339,0.000701356,0.349097193,0.046649688,0.897235255,3.24831476,0.000834702,0.444399273,0.045246223,0.703355909,3.267161662
7175,0.079518271,0.048502712,0.066729107,0.760446374,-0.490987776,0.003269658,0.377543808,0.046593755,0.975611003,1.388636168,0.003844005,0.339707016,0.046989517,1.05108912,1.405044839,0.003659955,0.424336727,0.045573644,0.737010892,1.40462844
7176,0.090158574,0.083201296,0.057312897,1.025414005,0.33668388,0.001280518,0.354672636,0.044915753,0.637799313,-0.131845597,0.001319873,0.305713141,0.045608709,0.71971549,-0.093232759,0.001484363,0.394298957,0.04227663,0.556669957,-0.200290412
7177,0.091063509,0.087716807,0.057401257,1.332317664,-0.283536787,0.001590963,0.399120532,0.048105237,1.057236973,1.24893782,0.001991041,0.36988478,0.047928491,1.1029921,1.249453674,0.001915241,0.482619222,0.048111071,0.721387499,1.369807026
7178,0.270379635,0.049506378,0.045896555,1.612498814,3.030847734,0.018553904,0.392518319,0.046639651,1.20193821,0.271982838,0.022873691,0.349811167,0.047736377,1.310434806,0.531399427,0.018729812,0.44851993,0.045183072,0.930467016,0.230823761
7179,0.213958774,0.06669348,0.084430554,1.361738138,0.881663149,0.002493766,0.362355677,0.049968303,1.1075472,1.189448435,0.002739212,0.317999289,0.049558393,1.206108505,1.216939463,0.002898678,0.388096659,0.05057782,0.806050297,1.233983534
7180,0.127153273,0.048040764,0.029412718,1.211422309,2.169487271,0.066145383,0.394671084,0.046602738,1.186928189,1.389647917,0.074704308,0.356145609,0.047025565,1.310035365,1.72708593,0.057340657,0.453496615,0.045824789,0.918804091,1.478434286
7181,0.202532678,0.051357899,0.118310621,1.201971361,1.174876276,0.035063732,0.387663036,0.046600381,1.017751988,1.034108495,0.044817306,0.342358155,0.047290932,1.12499241,1.291755491,0.034432657,0.436193473,0.045177597,0.765213226,1.053047902
7182,0.223867661,0.081924433,0.049229305,1.098401035,0.647656803,0.000851296,0.395958604,0.043746931,0.876065429,2.328464138,0.001106835,0.362576475,0.044910812,0.931167453,2.311272726,0.001096868,0.433307053,0.03814048,0.302102405,2.597199004
7183,0.060877439,0.149718766,0.051710931,0.912301481,0.727429632,0.000984028,0.377037318,0.04937148,1.039914323,1.361588642,0.001174455,0.34107898,0.048994159,1.100722198,1.356932913,0.001346698,0.45168535,0.051077818,0.565332304,1.573120291
7184,0.175398535,0.066745789,0.094713772,1.390815039,2.676461629,0.020088603,0.369740469,0.046855,0.742600102,1.137969967,0.022555058,0.316760008,0.047436571,0.883444512,1.433551314,0.020100129,0.421507755,0.045689257,0.628035639,1.098792603
7185,0.137924608,0.256763098,0.049093773,1.476182671,2.643995609,0.002039385,0.357858875,0.043553937,0.651847888,2.5493865,0.002623814,0.304479016,0.044504159,0.754471529,2.510163658,0.002401143,0.409129694,0.040308174,0.25300931,2.686358759
7186,0.127983645,0.075784782,0.039052099,1.397930507,0.970503397,0.001819461,0.389201863,0.0399772,1.167235044,1.838523314,0.001805431,0.356355562,0.041909217,1.246307801,1.861098194,0.002129243,0.448022674,0.035182574,0.982769766,1.828310373
7187,0.124053065,0.091510404,0.063840717,1.810624493,1.864118834,0.009885491,0.366199106,0.046720788,0.865469127,1.134675178,0.009347204,0.314195779,0.047422935,1.018236485,1.410905901,0.010191934,0.407425837,0.045008975,0.676788401,1.122793362
7188,0.176941915,0.030907993,0.032148865,1.025255743,0.783564601,0.001917179,0.374451313,0.045116695,0.573043726,0.332643132,0.001803785,0.327802708,0.045844318,0.647836362,0.397028073,0.002075165,0.430276654,0.042565113,0.538009724,0.240508568
7189,0.111488242,0.21982875,0.053497627,1.344906178,2.923680719,0.001197121,0.377609378,0.051398626,0.932315555,3.015027519,0.001443687,0.333384133,0.050867103,1.00957574,2.992688799,0.001399648,0.420586621,0.053867022,0.576848821,3.155009481
7190,0.127818742,0.028227666,0.070513504,1.388999369,0.473977735,0.006960557,0.377486203,0.044789152,1.158301634,0.778281543,0.009155003,0.338120326,0.045588066,1.245743654,0.756953857,0.007240216,0.427674499,0.041517751,0.868610607,0.854287156
7191,0.164431233,0.042093249,0.056374569,1.331463856,-0.737378521,0.001221701,0.39709193,0.041620314,1.027084906,1.918167047,0.001386534,0.366214818,0.04306328,1.077075369,1.917932064,0.001482908,0.456448082,0.037701089,0.690615667,2.035346035
7192,0.237420945,0.040340239,0.056429833,1.298978604,0.234889153,0.002862964,0.366122506,0.044372633,0.844012837,1.597303998,0.003150136,0.324150506,0.04537721,0.930527326,1.62924881,0.003208323,0.410334124,0.041532046,0.684705508,1.595457983
8001,0.130370154,0.049204154,0.057260783,1.138628682,0.294558707,0.001687778,0.365131847,0.044377795,0.433761426,0.239578719,0.001853147,0.317175524,0.045373812,0.503194877,0.255964554,0.001894121,0.406862043,0.041848857,0.342819863,0.241169846
8002,0.168639159,0.259706689,0.062275142,1.943273973,2.177222566,0.020409291,0.382369417,0.046027313,0.916513742,1.123793091,0.024169357,0.334880156,0.046699308,1.036355518,1.387360282,0.02003166,0.441393728,0.044057898,0.764607379,1.122793331
8003,0.304608544,0.060434091,0.082592606,0.470601247,0.60650086,0.0017504,0.370067444,0.042645673,0.861580516,1.633729096,0.001954105,0.323772628,0.0439112,0.943591609,1.629458748,0.002094906,0.425962999,0.037714631,0.539640871,1.800129389
8004,0.249293295,0.024248746,0.064735528,1.60400444,0.351777618,0.000916438,0.367532593,0.046520431,0.199352353,0.938764676,0.001075027,0.31813465,0.046896497,0.262879166,0.953184901,0.001025669,0.415636153,0.045444046,0.215147397,0.923013627
8005,0.118239901,0.100290709,0.05645411,1.214840197,1.726943714,0.002141443,0.388417941,0.050256733,0.903426714,1.195410982,0.002307225,0.353968281,0.049829586,0.963885273,1.231293832,0.002501139,0.444209938,0.051544433,0.668965056,1.22678712
8006,0.257770561,0.047200289,0.052161821,1.489303363,3.121636544,0.002226942,0.371554718,0.05116977,1.192922816,1.38919345,0.002529704,0.331270417,0.050570565,1.287072224,1.398253008,0.002554765,0.409717658,0.053375999,0.923146643,1.388178904
8007,0.080646504,0.120449369,0.017426507,1.176727113,2.16497502,0.009451471,0.374472292,0.047340521,0.498581357,0.670877525,0.013760379,0.329293988,0.047401901,0.535866697,0.604226866,0.00977523,0.435912836,0.046379613,0.380156416,0.630619223
8008,0.31053992,0.057160865,0.106342025,1.24034754,1.429351246,0.00332411,0.398155866,0.052941226,0.975268789,1.124368585,0.003835951,0.362139911,0.051843852,1.032248342,1.17374785,0.003916044,0.433967527,0.056919453,0.632575671,1.189187249