"","ID","Fit_sep_IGT_fitted_Arew","Fit_sep_IGT_fitted_Apun","Fit_sep_IGT_fitted_K","Fit_sep_IGT_fitted_betaF","Fit_sep_IGT_fitted_betaP","Fit_sep_SIGT_v1_fitted_Arew","Fit_sep_SIGT_v1_fitted_Apun","Fit_sep_SIGT_v1_fitted_K","Fit_sep_SIGT_v1_fitted_betaF","Fit_sep_SIGT_v1_fitted_betaP","Fit_sep_SIGT_v2_fitted_Arew","Fit_sep_SIGT_v2_fitted_Apun","Fit_sep_SIGT_v2_fitted_K","Fit_sep_SIGT_v2_fitted_betaF","Fit_sep_SIGT_v2_fitted_betaP","Fit_sep_SIGT_v3_fitted_Arew","Fit_sep_SIGT_v3_fitted_Apun","Fit_sep_SIGT_v3_fitted_K","Fit_sep_SIGT_v3_fitted_betaF","Fit_sep_SIGT_v3_fitted_betaP"
"1",7001,0.189142721351708,0.0941626755392397,0.0480975765481811,1.7067653108135,1.83444198266164,0.0119554861156519,0.379918293912635,0.0444096352720041,0.844943322700547,0.893183242251329,0.0183240439243928,0.342654332098362,0.0452637188085702,0.898069712006329,0.836890144761332,0.0122926245021853,0.429380854870012,0.0411700819837319,0.586911310186824,0.956039499158593
"2",7002,0.240997423802283,0.0698365398862333,0.0556893978943478,1.44505090755174,0.346749065303472,0.0229555828831797,0.397624934309212,0.0470427717246158,1.13134959981773,2.18169901005996,0.0439969889538948,0.358535553115313,0.0477724671741162,1.20481962423966,2.10112053329157,0.0191043051050558,0.450638065256072,0.0452385002251213,0.797839416913123,2.40184242438564
"3",7003,0.204262602265504,0.0213477094532486,0.0577975268831743,1.53188111751274,-0.829229658631287,0.00707623695365068,0.372301810012256,0.045037752931261,1.08696564441574,1.44178592524877,0.00803457825472364,0.329021920768504,0.0462123933522453,1.19309473766246,1.54021340321728,0.00727086767816992,0.426383047182466,0.0431477303322363,0.874358180592126,1.43502844542759
"4",7004,0.0773236064515163,0.0426199445475207,0.0557197007424751,0.939629743909338,0.0735723542704928,0.00277417083308469,0.37517231570022,0.0427200052509231,1.04153066852053,0.53653083491034,0.00287826534151551,0.333531747042267,0.0437926907526733,1.13763442968545,0.56735995747766,0.00322207829377872,0.429436233739853,0.0377669616958285,0.720379404165056,0.713914172892187
"5",7005,0.085270404820732,0.131945513911768,0.0368570751775339,1.60092281593002,2.27528857708124,0.001388778638849,0.363759393587507,0.0396319839768401,0.852176537343515,1.70816116857405,0.00164015113933464,0.318934467726836,0.0412114882265644,0.933008799688877,1.68503991568754,0.001760483860347,0.418914756667046,0.0336167320894927,0.417089964917998,1.9414584262824
"6",7006,0.221034930022342,0.0211625206012216,0.0568978333199711,1.22150220919064,0.136921009081029,0.00310471312550206,0.368740793410385,0.0445700405809021,1.18575930416358,0.384718976528046,0.00316187320093861,0.3276015701112,0.045260757936043,1.29119287714571,0.448386155780944,0.00351152999140186,0.422776928146457,0.0419352808121472,0.972209731090448,0.374586322139763
"7",7008,0.318797811726424,0.0271685571624984,0.0601124601239807,1.60404611998795,0.507499755352454,0.000995051391834346,0.403252837678836,0.0435011565505316,1.03802864675069,2.88410421350117,0.00126208646990754,0.371340926549312,0.0446271589411635,1.10195744023941,2.8621834544133,0.00110930021955477,0.461572981096911,0.0393123836570293,0.493859796245226,3.14963027701613
"8",7009,0.160323805851931,0.12778941588559,0.108012667963201,1.56166366266872,2.91956291728315,0.00137705939982076,0.383902282987142,0.0545107168390322,1.05714048912041,2.10070008457271,0.00156805377075809,0.340723139190638,0.0533505759129029,1.13503751252301,2.09691953207887,0.00161606446355437,0.449259457033425,0.0576278451243558,0.75973724736992,2.1820944403019
"9",7010,0.21143600251293,0.167292345470583,0.087670640281587,1.71390974382488,2.14080059144797,0.000796213434244926,0.466089504308115,0.0433268943204086,1.4989102466331,2.63555654853814,0.000811949154650816,0.454119815667532,0.0442108198439008,1.57327901998046,2.62863979126934,0.000982720434002075,0.549235966464508,0.0405391270289298,1.24940843052943,2.64358905718366
"10",7011,0.120411161494791,0.248723498945887,0.0449078988672623,1.54644417124565,2.73564642030681,0.000925229704757241,0.368846261161248,0.0388829015824661,1.37823481569324,1.89430591800801,0.000972845838941319,0.334221162564335,0.0407606611199471,1.49424744054907,1.85188636211706,0.00110458521132828,0.417412077706399,0.0328211808150469,1.00291779579736,2.07688710669314
"11",7012,0.175204003039104,0.0625623524966424,0.0407344529343073,1.65953553191318,1.89341632751576,0.000815544299789413,0.397083286360966,0.0526601013974266,0.841485867107319,2.09798625877783,0.00104024328855655,0.361492300837836,0.0520725980960496,0.881460320422883,2.08989388023319,0.00109861447579197,0.442124187443415,0.0548467185099185,0.411807019962489,2.21836922498901
"12",7013,0.201084299331894,0.0433120721063789,0.0559580569567371,1.52280234096702,0.604428686076605,0.000940689831419521,0.37248199490228,0.0428044404697895,0.862982750624194,1.28199146195182,0.000965984296602743,0.335047470793994,0.0438834393892368,0.925171097248338,1.2874898894574,0.00114527769528148,0.417722943456651,0.0388142412050499,0.710236588482839,1.28816310504817
"13",7014,0.168283043847561,0.215102464255363,0.0743532956168791,1.3624156760286,3.46097175028612,0.00137055723340447,0.392838296261251,0.0486675868400773,0.809604802768417,3.71826236537818,0.00172117610076932,0.352420935237376,0.0487080125623431,0.868303260436955,3.69094722608359,0.00163731448593119,0.442074711771294,0.0483582381402549,0.405937040652799,3.88506318256823
"14",7015,0.277069483243885,0.0336991374583778,0.0506901292956162,1.60512114108034,1.8083226772343,0.0334342460202738,0.388456470181539,0.0434413627603597,1.10827305080525,2.76301487727796,0.0384923771894918,0.349436511874256,0.0441250416729893,1.21196212697749,2.93369773169954,0.0263989273417958,0.442722364401157,0.0396361828733263,0.828480109326281,2.98285491323213
"15",7016,0.309262908338832,0.038049373256154,0.020845703263153,1.56560642267318,2.21640889218456,0.0134134239831738,0.38502030168453,0.0475580139394478,1.21615855497021,1.64410620856705,0.0139983478906939,0.343753616489633,0.0478587871205989,1.32876152829502,1.909389637201,0.0135781442229752,0.441761707414618,0.046862876631176,0.998378090915246,1.60836006692332
"16",7017,0.221954111649469,0.0756200684555599,0.0881259445943382,1.27285052372625,2.39922253581813,0.0121651227680682,0.391945097548405,0.0446626491838898,1.11471686788808,2.45890414476759,0.0125904981904012,0.353021581723668,0.0451791938064774,1.2014914267028,2.66810504292069,0.0120837307989286,0.448167547245303,0.0423478121832442,0.865638377534888,2.49880605001647
"17",7018,0.168616865650333,0.045983734934174,0.060144396607943,1.2511198751475,0.152025051692892,0.00228477529707903,0.385839716661609,0.0437625691847205,1.40710770211434,1.16761364165292,0.00234938803583213,0.352065019912696,0.0446364794802299,1.50844567926744,1.17670660250057,0.00262867885752166,0.451168484859514,0.0402933639516871,1.12808741134465,1.2067854598359
"18",7019,0.0922171816690222,0.156017011527584,0.080805837293229,1.44400004658819,2.45341801833897,0.00202280146625232,0.378589481078922,0.0514775147245465,0.585796887424812,3.54952822940591,0.00265380367172862,0.332902230075762,0.0510888181992063,0.652774247525534,3.5167557666033,0.00252013734002586,0.432991535087755,0.0522790436432768,0.272209896813672,3.64817235122153
"19",7020,0.204450962827971,0.0549307348715903,0.05911081548557,1.33497890793374,1.51257939280797,0.00876358874986404,0.380671171295759,0.0464692722545431,1.01534317571771,2.07193184769372,0.0107093653375907,0.336889924330369,0.0469946701962341,1.10997549316103,2.1568865665516,0.00882391123940392,0.424663314894339,0.0456048644610607,0.747094560184699,2.1295387671126
"20",7021,0.138134988525897,0.131600981188718,0.0841920709029928,1.5029559240861,0.841262472594486,0.000936549164621026,0.412247168793838,0.04641657870265,1.20769830110152,0.827818476893047,0.00117518064952116,0.388994193975037,0.0468321370608821,1.24541680778613,0.836506074532043,0.00141074095192652,0.458332162566486,0.0450720342005182,0.698390350377601,1.03212739807181
"21",7022,0.246774373193206,0.0367574774742067,0.0812969922084464,1.21586331550081,1.07846541264868,0.000665878799057229,0.397979899360823,0.0458909785146179,1.20225948425123,1.70620800803996,0.000743397924355079,0.369076729781965,0.0464313324530025,1.26158532309969,1.70178257542754,0.000926539855788095,0.436148230401968,0.0443286591463981,0.631399406145089,2.02749786867285
"22",7023,0.121163436584156,0.0662287943225696,0.0677952641923789,1.68673515369098,1.76802653592181,0.000868246435602245,0.352785098163159,0.0421262072992179,1.19407911883883,2.19413008070396,0.000880845076135863,0.311188998258521,0.0433121216484975,1.30977624225282,2.16600951220229,0.00105308573768628,0.393089485524686,0.0370507975095193,0.862407174611689,2.33306715648448
"23",7024,0.137182748366479,0.131670470761079,0.0710610431742448,1.50132272160793,2.33930850593255,0.00119310184589137,0.480552332580136,0.0512859339014318,1.48968527793818,1.93368761978853,0.00153969969440872,0.474521980840348,0.0509036609354616,1.54851827299947,1.91386792368868,0.00147555962909378,0.537487466700546,0.0546670592092482,0.873205056367321,2.27162611135872
"24",7025,0.119448855265245,0.0673091592500915,0.0484019842661897,1.22149704898984,0.811042280899956,0.00243717731665897,0.355015391207111,0.0486318238405587,0.960646836218871,0.861011050741153,0.00229767957698774,0.311351071274839,0.0488810682038958,1.07350416387638,0.921090163925037,0.0027517318056309,0.386888474399086,0.0486303929991876,0.784436646471326,0.848493649946374
"25",7026,0.0865636714751205,0.118904105157425,0.0300021756652137,1.42698751016737,2.02207767907088,0.0010898877263164,0.453266309437405,0.0446221075713823,1.36327933077233,2.57676231693759,0.00140547883762778,0.438060052693569,0.0455001272629003,1.4338261656295,2.54832328409053,0.0012605547935552,0.509615810910725,0.0414214000811719,0.712507043305593,2.92425047872997
"26",7027,0.210666526471959,0.0495453466544537,0.0352144497290085,1.46758593855966,2.65940034543886,0.016735127187493,0.370813111709741,0.0465598510747826,0.67183617778186,1.64221237061559,0.0183576975698635,0.319354165985677,0.0472126667570899,0.822006768525967,1.86553385708306,0.0171669420418136,0.415107678914501,0.0452578230185906,0.506077733005167,1.63221711067265
"27",7028,0.160069621617866,0.0541013394939455,0.0650070659310036,1.17424486819481,-0.369669207462934,0.00119180465799344,0.375821760178557,0.0450402237599398,0.975760200841469,0.0205806357572916,0.00124013010140628,0.338903407004402,0.0458004437427302,1.04210045651402,0.040629512412525,0.00148321051257962,0.418663577087769,0.0426255256809684,0.749364105791732,0.0719806652845871
"28",7029,0.210083533078406,0.023966053316043,0.114209161099294,1.39287648293506,1.27679008960487,0.00586262857319933,0.388315921147933,0.0448882035168324,0.796129014174646,0.876417402834446,0.00718099274466733,0.35153663554057,0.045553712780316,0.862354782316584,0.905589615307706,0.00636343419912457,0.452367831320792,0.042389315536922,0.513194087291589,0.924602397848828
"29",7030,0.257021561502227,0.0293690513399294,0.0546856301034451,0.890015961812668,-0.072220999214091,0.00108936911891278,0.353808889757549,0.0425955041782912,0.887176118728576,0.699969334105319,0.00106163556876448,0.311121318057315,0.0437272841733448,0.973669146360052,0.707275252912557,0.00125084262535162,0.389681010270891,0.0388012952730366,0.800069347515162,0.660510060886867
"30",7031,0.0738588888185024,0.128436158950518,0.0623760565429106,1.60413612440789,0.826487069670221,0.0263579343901594,0.396097809706766,0.0448445445186069,1.17318842338656,2.29349917816299,0.0306745351735832,0.35775630039967,0.0454302720102481,1.26689840167887,2.51614690593831,0.0239757511618385,0.451918184816638,0.0424304337149625,0.892601033401232,2.42296698944452
"31",7032,0.0775593304896795,0.108385506385813,0.0549477988386702,1.30692351641894,-0.174757050775218,0.0457220253351684,0.391920112123341,0.0451493941732549,1.13492896084607,1.80136068856094,0.0560967297236324,0.351212400538915,0.0457539627025097,1.25216530507889,2.07884147604449,0.0387208954050526,0.440458255592442,0.0424124607928666,0.840247272815505,2.00395876768826
"32",7033,0.185769922619651,0.141449946494312,0.0433225274162584,1.21018136951474,0.697096826248731,0.00655305076902736,0.377526789823797,0.0442726411740697,1.08966680508342,1.33652275984622,0.0065637645937251,0.335759765553796,0.0452844269337456,1.20803789926148,1.50527809560265,0.00683777439551546,0.439457169979292,0.04092293801296,0.855906285109075,1.35881352277552
"33",7034,0.141333922639126,0.130271965006847,0.0618699032214757,1.66014321728202,1.09590797893254,0.0450141016597006,0.376875838671872,0.0462244741660443,1.04849172935389,0.307410175660501,0.0493027699896994,0.331378287373124,0.0474313976747634,1.20923815835994,0.823478460064793,0.0437499963960513,0.431471381640463,0.0442299625736331,0.859646621396756,0.23509883659331
"34",7035,0.151501275878139,0.118060742960304,0.0233591241776012,1.57278284813566,1.7283577190175,0.00211522888983158,0.388623465015087,0.0437098328246209,1.46486199365686,1.08125553685031,0.00192613444575212,0.353132504631568,0.0444881403937415,1.56313737811395,1.13018521903622,0.00236484622042337,0.443656296949243,0.0398930542522848,1.12924922708995,1.1841813051008
"35",7036,0.215165348388226,0.0572186989486753,0.0259735294138359,1.55264672038461,3.66528913254288,0.00092922106166464,0.372509094008682,0.0427458779625531,1.20916020784743,2.40546292095979,0.000927332672590828,0.333513201124156,0.0437149456296542,1.29896182199174,2.39738983104317,0.00106089271748248,0.422159012370174,0.0391543671645152,1.00641525940186,2.41248176771516
"36",7037,0.0971945015489758,0.177958556263015,0.0565292221306973,1.24359024761726,-0.047163116160715,0.000619188961940761,0.390391865716539,0.0444497877788428,0.674048317035602,0.398455267879729,0.000683454092572279,0.354036805918921,0.0452532206458942,0.709241959604104,0.422856853152863,0.000744160399280314,0.453267001950443,0.041612293582907,0.580697120976187,0.380221754415129
"37",7038,0.287387511503431,0.100938420438849,0.058469149419688,1.75810711546955,0.169830289946001,0.00104699769664533,0.364286425656432,0.0425237616272548,0.933375298421144,1.24657102817518,0.0010275009285004,0.323895112171465,0.0436260054396838,1.0075621388004,1.2696460997783,0.00128396214143269,0.406051522531118,0.038039059686514,0.723883075919675,1.30079260127523
"38",7039,0.329945366989627,0.0249333036515152,0.0559309303717878,1.3083276061042,-0.0130596408277909,0.00115356662576785,0.36583285080912,0.0448374382142962,1.2120117573808,0.419405573117375,0.00108558249752393,0.327998324685503,0.0455886216828984,1.30446067728684,0.435979793587183,0.00144561828817688,0.419810502378839,0.0421622821821572,1.01797873928221,0.415383152363309
"39",7040,0.135839625071638,0.0602060235275033,0.0838617844004238,1.17508480408358,1.64791501874652,0.00204390245179721,0.372470747388385,0.0417809881261319,0.744525638230792,1.17566267704511,0.00234413826188637,0.328217767984741,0.043174543939507,0.814083025158465,1.18078770861424,0.00276551643113884,0.42426839355517,0.0359049628887735,0.36817577489073,1.35694382362802
"40",7041,0.148509955226716,0.122333996834915,0.0202151232719683,1.94588408608456,1.97521497268095,0.0623070361855894,0.382308073101397,0.046865784064477,1.13122438592439,0.720365868839339,0.068683793422677,0.339166498918089,0.0477063607242729,1.27349057691911,1.1910874098117,0.0582083829261682,0.436838090600112,0.0457276223369993,0.886521896109159,0.737611340485138
"41",7042,0.0739986692193373,0.172251445197215,0.0743329790108112,1.65341074094746,2.31019101932448,0.000868421661972984,0.459791322159539,0.039846529968659,1.1862741564251,2.32375693179719,0.000933819187229916,0.444244434978284,0.0412848779625309,1.22695746160638,2.32734008937261,0.00108764980287119,0.564378472913833,0.0354398038239074,1.02983309769241,2.35969220010609
"42",7043,0.213515649571897,0.0575413708651338,0.0260111359854796,1.55432181291617,3.66416674222581,0.0312076210364166,0.384278795329271,0.0465439680689545,1.06982492452667,1.49624906253238,0.0387035995624157,0.342343160369235,0.0470885317281637,1.18639534212587,1.71102139147904,0.029710684730885,0.441348522943355,0.0448609703839227,0.815237392823148,1.5631521900837
"43",7044,0.264893613556227,0.0303512314136762,0.0554615712710434,1.51853031301818,0.198085702454753,0.00354994151860041,0.384466545551248,0.0450359115502311,1.05226839967356,0.372435838080065,0.00405208543107902,0.343751061056393,0.0457018744535241,1.12983352105989,0.417640270899265,0.00397795553604472,0.438932359849506,0.0426086659350686,0.748201495747684,0.437021459730763
"44",7045,0.161672493675566,0.128467984851569,0.0791162533021294,1.59254359770075,0.859606010292118,0.00101105276886964,0.408930623033272,0.0439675399109096,1.19671534206108,1.46092219856664,0.000939329769767671,0.37873041632564,0.044752501941515,1.2614564728835,1.48294704719864,0.00123810283409374,0.461598180524184,0.0404921467701163,0.946933590217211,1.49398653449057
"45",7046,0.0796077667483091,0.172955896162535,0.0267114985794356,1.28276476471586,2.74252840884661,0.00114986121647851,0.364466823716193,0.046984415058354,0.760256068256486,3.00839294670807,0.00139012868799426,0.318645294625099,0.0473233273099091,0.845651205964997,2.97488584661378,0.00136833432555466,0.412418772131894,0.044013413232473,0.330079316797106,3.16758062458281
"46",7048,0.194449268165847,0.0766798865455967,0.0547161780735949,1.16576431154884,0.0705176312756468,0.0010493897953303,0.44431229025316,0.0428626704053139,1.41088582823339,0.720945647603037,0.00127990333131447,0.429128235141551,0.043996156030365,1.45758718495291,0.708974566731777,0.00134773448604884,0.520450058874848,0.038395354297523,1.05020134604383,0.852395991530483
"47",7049,0.0777627988444658,0.124129901821666,0.0244446725941759,1.6889929105928,1.77940843085631,0.00962609513400537,0.39836501301396,0.0450341158432431,0.85358419101137,0.378467867373908,0.0125667947549489,0.363267548151377,0.0458161553719186,0.904410770156709,0.423544844684567,0.00988785583422618,0.454771905376361,0.0424937802450647,0.706059718277479,0.360195866686416
"48",7050,0.15581171151433,0.134276705247728,0.0678952085562882,1.34099339823864,1.28913024105755,0.00253314250188554,0.455548480779838,0.0442601026000483,1.63402181857257,1.47395337093365,0.00314423981865481,0.440525512972098,0.0450991752987858,1.70870650541621,1.47190266525571,0.00281201214635531,0.536317830227464,0.0403785769273309,1.36924355208793,1.46072620214214
"49",7051,0.260632654982741,0.15589834427554,0.043417754076991,1.08610679411115,0.709064679071094,0.000639565453459261,0.406375570933465,0.0495000375426997,1.128889326045,1.6846312030325,0.000688872810863958,0.376573618841763,0.0493375320663317,1.18212807432541,1.68677198618229,0.000832587137037568,0.44694763478622,0.050726925917869,0.645493675208645,1.928729075519
"50",7052,0.196535910417638,0.0349234185580281,0.0758439706384375,1.70100501666332,1.21304012374886,0.00155636430104032,0.408349436839984,0.0423994465501446,1.46650818816378,2.26549141623194,0.00185827488683303,0.378363440286862,0.0435859600595286,1.54479013706934,2.25020306680894,0.00167592873148519,0.483966670708628,0.0385118433476254,1.12330245892711,2.39385908636571
"51",7053,0.12572399880501,0.0505377015986531,0.0539178858149899,0.999186718630924,0.817515875307437,0.0032129465799772,0.377609095951156,0.0453272594680485,0.889691200674468,0.285553588044876,0.00369832782941278,0.337469149850289,0.0462564900123397,0.9629470532453,0.334402262870349,0.00348410832645088,0.438339519262708,0.0428460953900221,0.810156574711903,0.163035924133517
"52",7054,0.092299738439671,0.181511603552873,0.111867886417199,0.927742828563544,2.14440718720913,0.000974452150505891,0.365034834465753,0.0459054381585579,0.744729017965807,0.599736837233924,0.0011450351026643,0.321385767248459,0.0464758621080991,0.803749116754754,0.613284757475359,0.00142055138089613,0.409853252181072,0.0447519768909522,0.353251363071157,0.738633060271673
"53",7055,0.33392308432378,0.0221372222699344,0.0444991704044532,1.66266462918103,1.4947309621782,0.00611831612878763,0.391529236783279,0.0448493144820393,1.31680775963418,0.26148555295685,0.0069122432472624,0.355574044345226,0.0454357554077604,1.40588309890387,0.359350923408763,0.0063889651895561,0.464845358369931,0.0423757918673558,1.0077896192346,0.301696684189864
"54",7056,0.133832650403148,0.197211855169232,0.0688655965269353,1.82600013663282,1.45509511717028,0.0012752534706138,0.389650719412717,0.054696877495391,0.863701178837087,2.43450081615344,0.00164882085188451,0.350107275809606,0.0537929212488717,0.919246635587727,2.42128352541403,0.00169164805953062,0.45455027548038,0.0584139750800581,0.497282363950671,2.56218049118486
"55",7057,0.0561272512326946,0.0926286238783118,0.0925108592323324,0.609114723000857,1.81664870795395,0.000414857033530818,0.41501968792842,0.0463041891133579,0.92268042481282,0.606583056409505,0.000465000790366992,0.389815817504791,0.046797036520945,0.94905511399696,0.624208251489495,0.000592919550188247,0.439076592304236,0.045894975938111,0.438967643504954,0.830493160682685
"56",7058,0.149213630291851,0.0271159486293867,0.0631862520259571,1.72206867097365,-0.126253209041063,0.0088504144741305,0.354966607266306,0.0456839432204616,1.09646068899253,1.04179100814193,0.00937748777833241,0.306796524229889,0.0466783288680033,1.23580455152116,1.21001814709926,0.00907107209431306,0.397120497783798,0.0435675562097052,0.913984552588776,1.01612773263525
"57",7059,0.308167381467264,0.0950330930574112,0.0557413583032178,0.994121371365067,0.321737920438563,0.00328846074374998,0.408989753141669,0.0434108902609455,1.35704877453903,0.541976961194534,0.00370937720498077,0.378914870429045,0.0443682872064976,1.43594160676025,0.563954388619323,0.00369346119839511,0.48153148224656,0.0391011953660073,1.00791804445009,0.668579420090984
"58",7060,0.13248640757574,0.19065159487468,0.0397243494779588,1.49006148029488,2.00592787704451,0.000742821697420172,0.405364597399785,0.0523829300911249,0.655952248527114,2.14951415968667,0.00102538085527436,0.370307956419798,0.0517531873883852,0.682490373137028,2.13668055346201,0.000884672246905903,0.477554782874572,0.0551891852743587,0.55347628746844,2.16024618043324
"59",7061,0.116054295900524,0.1455163215987,0.0273526023025816,1.51584570036227,2.28683517213884,0.00498973328282502,0.377342746979757,0.0504811591778489,1.00592375932681,1.39314538364693,0.00741714068783589,0.34399279549598,0.0497385880213991,1.06453802442887,1.29713898309169,0.0052998440749927,0.448729270197956,0.0521460458654639,0.698377468880605,1.45934793035739
"60",7062,0.448680922871588,0.107820791421709,0.0655111558092964,1.77243879537974,-0.164814653546367,0.00224049772267535,0.490528795080953,0.0467832523720484,1.59311222084804,0.626760678468618,0.00225907300408218,0.481539089061606,0.0472210778232861,1.65488519430803,0.682274041463791,0.00254527915684238,0.562745126966184,0.0457633744151686,1.16273601840021,0.727432107071049
"61",7063,0.229519773839181,0.192613696462295,0.0639280508836152,2.16548245143942,0.835541019045186,0.00152199758775955,0.394427700034565,0.0489540460307517,1.40591593482199,2.15681159703666,0.00172914585209387,0.35612106464039,0.0488854051400985,1.50581411538769,2.14449762183786,0.00169148293689857,0.444104739288696,0.0481607859098186,1.0175138000489,2.27328486565994
"62",7064,0.218683212502682,0.040013039142251,0.0206691002411153,1.36269004671592,3.15536370689892,0.006163279063067,0.411895960453262,0.048966582218405,0.872564282683038,1.48030068373622,0.0101443855821044,0.384816802318695,0.0487677300765245,0.884482953984077,1.32436744345726,0.00666096582092858,0.503763048293266,0.0498085162250743,0.579507365951114,1.54234064938711
"63",7065,0.162973232124863,0.0385687821049178,0.0271484910646605,1.77305422278537,1.66305963301294,0.00985548096971727,0.376498858326894,0.0462983014130731,0.825325586513453,1.58919130731587,0.0123587919333758,0.332498285069294,0.0470283905561317,0.913496998725627,1.67397991456873,0.0100694696428017,0.428682774115577,0.0440918994165993,0.657603695607938,1.57632956215387
"64",7066,0.0847801229598239,0.0414357468780037,0.0560644986173242,1.69381510034886,-0.144160519894891,0.0012242405250078,0.367328748282382,0.0523287475872529,1.38195271802533,1.73945714866754,0.00143354048537828,0.330200401016695,0.0514751444726427,1.47743165495523,1.7176480867814,0.00144189691273154,0.41490813016807,0.0578982004188731,1.01734363137086,1.85147393675024
"65",7067,0.198834547862797,0.0796382150808305,0.0385043017266291,1.08420231458959,1.14601964364959,0.0161422435958666,0.383532063308493,0.0452767259512499,1.21145151223594,2.20792361344298,0.0189690452561271,0.341866250361205,0.0459744503403399,1.31200254808476,2.3832495336942,0.0147166790674063,0.43949448234482,0.042709974689725,0.925039416435249,2.32255244876573
"66",7068,0.0605811747657219,0.105220695868177,0.0493924454986454,0.630172737901222,0.598328910247495,0.00527534808106355,0.418389506510422,0.0467104032137815,0.899902297206576,1.08330249550983,0.0061171974239236,0.385130395789633,0.0473841087893537,0.958539493759892,1.15795998691313,0.0056808637279697,0.486445449721511,0.0459835923380173,0.681343932641228,1.09172963601087
"67",7069,0.262116912347005,0.0313685698232323,0.0229694384426757,1.74881395917334,2.33083698838297,0.00153585319452471,0.365156252645886,0.044585077984013,0.907883524852228,0.175046570246913,0.00155220694852133,0.322579156823391,0.0453420281693436,0.988020655836841,0.20977227558049,0.00177486370897818,0.420881463120172,0.0418944020947977,0.748106524211418,0.165152231021262
"68",7070,0.0953565760090463,0.151208020754033,0.0546878839383975,1.59651505838815,0.904760503288345,0.000908733718057552,0.384725705614294,0.0494478155662924,0.859419138129508,2.92120088918545,0.00111081803056711,0.344742825531174,0.0492928160995581,0.914710581873072,2.9067281254392,0.00128048421783407,0.422381047965023,0.0501365218746093,0.377170706228065,3.12130847408235
"69",7071,0.207177040851478,0.0661767715570548,0.0573256885473461,2.37239721746325,-0.356837916040026,0.000918654697161108,0.37144110458429,0.0374627626651166,0.881545733113274,1.94768671830341,0.000940800964956172,0.330409573174005,0.0392844439071053,0.955437565125101,1.93439647937776,0.00107268117557731,0.419398810852289,0.0309667567130034,0.727212783792758,1.9880699932574
"70",7072,0.155632827273533,0.0979804997863488,0.0477166811609559,2.31262545414097,0.688030755719998,0.00645734580921894,0.38482383348661,0.0449434637591206,1.03933460536002,0.131625717919155,0.00756423887494625,0.340172803046586,0.0456431182036334,1.13462905737709,0.197250925295194,0.00681735236601872,0.433880997432897,0.0420524921636761,0.697741350520565,0.23831081571075
"71",7073,0.215745032270625,0.0215042809677449,0.0606324673054569,1.49045955739087,0.043124777776788,0.0100861405890066,0.361100825947394,0.0452675146904649,0.825291334901673,0.434883260979165,0.012610659390896,0.309938022848746,0.0458199293570615,0.94686543305068,0.483811712220325,0.010703508840589,0.413568245196311,0.04288306699233,0.47383160621174,0.508873148521228
"72",7074,0.15382240835413,0.0357167132640436,0.0516281269573161,1.86880456997754,1.23067746959685,0.00395920710452543,0.396877504657141,0.0472409089799454,1.07579660702431,1.79410668544766,0.00453382779449145,0.36046509142699,0.047543947512106,1.14886140751218,1.84860984476267,0.00440639569842615,0.45366402139731,0.0458375741852504,0.789383688953898,1.81612285940181
"73",7075,0.0702879389494623,0.125012117685026,0.0306088634299887,1.47139050798125,2.57065401775294,0.00562633839310923,0.379987769030798,0.0436986818596632,1.31847192892193,1.30652749013957,0.00783420494802339,0.344994321430233,0.0447935857256739,1.41786019311605,1.2557770867879,0.00555838156521341,0.434185448794289,0.0395723432031767,0.895156965120031,1.50690271785807
"74",7076,0.335195090668099,0.0284258957919112,0.0611240800868493,1.4241219712485,1.59144229177433,0.00271772666261894,0.361734112273635,0.0390114864254322,0.92376803537448,2.49100507950187,0.00368247237550402,0.316327894884784,0.040878370492333,1.03206991289539,2.43367995430343,0.00284495343503681,0.413963483840041,0.0325282566453571,0.527545268449953,2.66034275481604
"75",7077,0.11382406600946,0.115816495584753,0.0801399879796045,1.76588187559749,1.17169308048652,0.00302400218665011,0.388493468168507,0.0400732033855203,0.945178899601777,2.52339148877919,0.00415891473761358,0.34953949126781,0.0417262332234129,1.02585276096353,2.47291677252677,0.00314457631063592,0.427904675579977,0.033415121965733,0.391062228187121,2.74708677796307
"76",7078,0.206888445869352,0.0357160778660322,0.0889195252575089,1.63739393656506,1.3328155780574,0.0135784468709532,0.386541284865708,0.0419732042429604,1.18167970959888,2.13168085459583,0.0152985426213012,0.346615319376888,0.0428840359803882,1.28343619111339,2.30979940781395,0.0135082138113937,0.442382768051495,0.03805081687656,0.935196407999913,2.15258741785428
"77",7079,0.0776609186367405,0.196808883854651,0.0904394096525728,0.543804764168631,1.23980391132957,0.000488715518777983,0.448444141269491,0.0486190910876008,0.943962808778478,1.10518148481128,0.000541288574299806,0.430664884983178,0.0486451190344483,0.968642981561669,1.12003969661976,0.000641809337161045,0.476620106095235,0.0508234587714666,0.446065867130799,1.29724943166952
"78",7080,0.328771316136813,0.0464126668748026,0.052086639298515,1.3819382228856,0.25884588042107,0.00262047849659898,0.400190880341487,0.0422661812201698,1.12307192568557,1.57328337107817,0.00260596547230841,0.368164914572542,0.0435727104195677,1.19647859200526,1.64115932058507,0.00298804992438974,0.458580052509127,0.0384294716711574,0.90981421582225,1.56131115425417
"79",7082,0.272002817510465,0.0413368083586858,0.046997843373915,1.70140686065444,0.679436643442278,0.00571953732546377,0.375180213462723,0.0405002405852195,1.09115489427058,1.73400265766067,0.00692216228703959,0.334317749981696,0.042078883208211,1.19240005892482,1.75528204116777,0.00559289543105366,0.427534938863191,0.0342336191783685,0.730340898902997,1.91470156987117
"80",7083,0.235914847681197,0.0281178820644296,0.0720328674061648,1.63915349392034,1.68399650759575,0.0138953692289294,0.389181016783801,0.0485693101382183,1.01517692236464,1.32078319492324,0.0148160245181251,0.343625444159252,0.0492022562883603,1.12940723566948,1.58636234607893,0.0140307723330116,0.445303697058667,0.0482309535924281,0.831815733931603,1.30348884505662
"81",7084,0.136171389236875,0.0740191999189018,0.0570921941439138,0.574930020349618,0.815171451266535,0.0012437942687279,0.416626658163589,0.038078106100097,1.434745017698,2.89304980524968,0.00145015728438369,0.388339637983322,0.0398740322561935,1.51965166387735,2.87190500334012,0.00127218405611574,0.484269053557212,0.0324593983676823,1.14548836589849,2.94436414385105
"82",7085,0.29943212535751,0.0965946728802141,0.0259682352272758,0.84479205511013,1.35914000780669,0.0233504041590055,0.385526176941367,0.0470849801218262,1.01570661269334,1.26864657791743,0.0294030843770001,0.34243402397621,0.047622739992146,1.11783333904345,1.49524062361894,0.0230587615006454,0.4368949758895,0.0460153178240259,0.788675171085207,1.27108735205143
"83",7086,0.171611054598861,0.126008848461221,0.0256984542977399,1.06915076072141,1.76348489188246,0.00493118104810935,0.396371932290324,0.0449794237142552,0.763687963248464,1.80975595173946,0.00620036424036687,0.35994337452646,0.0457653956299304,0.818221118308349,1.8233294712714,0.00567321517797854,0.43223823915897,0.0418915108894054,0.348520783811675,1.93634536995248
"84",7087,0.111112180435591,0.0401329086617901,0.0542085271310732,1.30722796833789,0.0261096003661811,0.00415510181265859,0.376317996849949,0.0443967294610179,0.948466123476963,0.338249740474455,0.00438751282572122,0.332805159560171,0.0450203095855489,1.05110084181247,0.429767528971706,0.00448197375786308,0.420488324160454,0.0416406178780906,0.810605548993509,0.280304065613838
"85",7088,0.100887886192055,0.101881801384621,0.10822538820605,1.48013353548533,2.71743852643884,0.00191097177679289,0.370421056908361,0.0470380927326647,1.09365262930394,2.06644665227527,0.00213017103913591,0.325616308304532,0.0474267925655455,1.19401784809423,2.07506139530053,0.00226127877986437,0.408371412278482,0.045878590753181,0.794296673614946,2.1271213846089
"86",7089,0.280304429719876,0.0266411940047884,0.0555080158683522,1.00746331621607,0.030404910281037,0.000913886016352012,0.398588681049725,0.0455319346547221,0.651833708871631,0.758201951125435,0.00092966935303661,0.357472107686401,0.046077422030641,0.694930924047011,0.787235251688155,0.00105989186746541,0.473211080239619,0.0428446689317219,0.601719691471675,0.703027201263086
"87",7090,0.250962098480729,0.0495841555401302,0.0317138130385297,1.67765936397506,1.17295718644669,0.00707344510166108,0.396928253725352,0.0462006351603176,1.15106291146401,0.564624660422233,0.00724590899050718,0.357452315557905,0.0470774635619078,1.2539703335768,0.755082283141495,0.00748845570190639,0.462477200070204,0.044036244326121,0.996843911722571,0.483634245973661
"88",7091,0.0644407752438963,0.0344502070639994,0.0768711543196346,0.98237728955278,-0.371495652026165,0.00314557201084767,0.384882763662591,0.045680610309982,0.893289500478337,0.242999758020933,0.00316895581986828,0.341551959949615,0.0463970916583108,0.98050608624519,0.329403841908027,0.00350615245491997,0.438324304626979,0.0433858260452082,0.764128474340428,0.162791973255465
"89",7092,0.185699696158038,0.021904397793319,0.0655540838587993,1.59950407635533,1.50411395107783,0.00243630194652135,0.364266262937832,0.0483474262687177,0.958762472069221,1.81037721496234,0.00210749079846953,0.318324453108485,0.0484665340311166,1.07423412037221,1.89190599254322,0.00281662759021188,0.411807607418727,0.0490628589574769,0.834098370287874,1.72966826051412
"90",7093,0.150159704545382,0.0486004864729767,0.0432117540068116,1.64131548923785,1.39166249632311,0.00666909066532642,0.382185364177671,0.043332334752622,1.45175895438696,0.652937031002504,0.00822145251732109,0.344049497323511,0.0442594275791906,1.5674477846095,0.663137720377663,0.00642966749711374,0.438616253652513,0.0385447093354116,1.06620390270807,0.841018573865255
"91",7094,0.160120067442841,0.0847079923167699,0.0346280325737296,0.608572991138541,2.05451248332684,0.0017857663674781,0.368272126221922,0.0471280598496132,0.830897562609994,0.797046303594259,0.00177253739194107,0.323886735652406,0.0476990046446142,0.917666972800245,0.834181426076569,0.00208473732918424,0.421781575539275,0.0465260467851144,0.649228660427928,0.801792398504297
"92",7095,0.205840639048125,0.131811452083709,0.087185959498752,1.33282261465155,1.84761556209459,0.00365690251121132,0.394008206239942,0.0458020737990426,1.00521154392668,1.37718445831451,0.00387938587396643,0.35775292873117,0.0467272210549488,1.08822860598383,1.43596236835119,0.00400117476717558,0.453371732130598,0.042654966892645,0.817020822005768,1.3672261269551
"93",7096,0.23805649515672,0.0358496080801022,0.0566635699742995,1.60183593853282,2.5859348131883,0.000567832353747551,0.366832410496804,0.0503222486825554,0.688182067049589,2.65287450766343,0.000630045242119484,0.322342976370906,0.0500322027404001,0.758072918667393,2.63551402266712,0.000678224324957048,0.420399421264184,0.0512823269915421,0.583367489099645,2.66901587206643
"94",7097,0.21050568043812,0.194286897378077,0.0587295373373443,1.58861593747734,1.01502160269375,0.00775494804008556,0.387179922364227,0.0430908675016784,1.24824726884481,2.55596381967247,0.00895746596860204,0.348568765427238,0.0440912811081372,1.3465970015632,2.64995309405538,0.00765886953662222,0.442008093179771,0.0393757556083597,0.964404184814318,2.61675914563322
"95",7098,0.0748345883506259,0.131177512219405,0.0530737903446163,1.23777962590452,0.763560234897912,0.000436648712408144,0.419798623313139,0.0416856573980542,0.573040246673369,1.22777069965244,0.00053118254525979,0.391921267206095,0.0428448115259257,0.575979285307505,1.23833132757624,0.000552784962493709,0.473221290019219,0.0367614459747692,0.355157133815905,1.35206380267066
"96",7099,0.280507956365015,0.0381149725163318,0.0559862430914102,1.62293659439883,2.02855227461437,0.00107109615107154,0.397889920163354,0.0441781166664618,0.88788635825589,2.56208975272024,0.00132772433900912,0.361581816804757,0.0448868816377903,0.941092622432384,2.55490327039083,0.00129416658912493,0.45102652914133,0.041255842872457,0.621148066131949,2.62076827531131
"97",7100,0.0689761839316918,0.0668128523719248,0.0713184784828545,0.531594441868813,1.67316190960197,0.0212925322387679,0.36433459390769,0.0464980319210064,1.11871890981195,0.276210479195373,0.0238656389474476,0.314160103335357,0.0477932652422113,1.27244062974074,0.660861704125874,0.0214230466788332,0.40815366005364,0.044619186238598,0.900168930947503,0.200442007315618
"98",7101,0.0545388368191921,0.109818145896156,0.0868977747244867,1.13942305073608,0.879501024972436,0.0028794497965346,0.395697698734019,0.0460098822608773,1.05231959192962,1.66983799834047,0.0026402511022798,0.356530182044769,0.0466771518146732,1.14382627140079,1.77046734052193,0.00329144784780122,0.454562189373148,0.0448124909804456,0.892703853504059,1.61024938704364
"99",7102,0.0587558655389352,0.126549643650782,0.0279390536939385,1.36209030506612,1.92079394693883,0.00218812925950868,0.432448425357228,0.0506032456398313,1.40440468040742,1.7203671838918,0.00298509792329733,0.411391773743359,0.0501856592308145,1.46858673535961,1.69236682189026,0.00236005182650999,0.530308805364757,0.0536024417787768,0.865740109468937,1.96735348633442
"100",7103,0.0953624550179976,0.0694569714034845,0.0558173652603881,1.37715320888506,0.862845608732884,0.00128094088394603,0.430965433697392,0.0430646776681898,1.47239698493036,1.92752516985205,0.00162014957591444,0.410668309155641,0.0442398752870538,1.54645952709662,1.89404535039366,0.00146126824466343,0.526774947107598,0.0395831370859794,0.961316932307895,2.20966405404717
"101",7104,0.0847842558952295,0.14481186509476,0.0686458573064599,1.62479181250003,2.94935435859972,0.0119630193912988,0.383816041727773,0.0466069193602553,0.991293603306179,0.785116545705063,0.0118755320200441,0.336765458689256,0.0475617481908166,1.12307123293601,1.12396611064033,0.0124403509921127,0.43052605728935,0.0449663476927115,0.818175070861775,0.712991469456977
"102",7105,0.23242815299306,0.0374107306092468,0.0600552425932648,1.11074670540812,0.215451190043903,0.00936728169308706,0.377627772459052,0.0470803590215829,1.04782880965439,2.3609991945015,0.0127541477179596,0.336082235948729,0.04758976578877,1.14977149254137,2.37625638365177,0.00946030558259428,0.435130250487752,0.046341594151334,0.823605515797503,2.38366187534546
"103",7106,0.285190090416806,0.0510470392688758,0.0828274008125824,1.16647465342006,1.21385953565509,0.00153707379326936,0.386190378863907,0.0420584601248164,1.05342483867505,2.02300732307464,0.00162981921889105,0.34782999009723,0.0431115981495515,1.13003942850102,2.04111442424578,0.00178936926510462,0.440631574567619,0.0383215497086316,0.843208859217764,2.02955892526535
"104",7107,0.353418357470217,0.326774621755392,0.0880731822787256,2.26891460761383,1.45321148297978,0.00208347643897342,0.466366162336756,0.0499288451269417,1.3830020148407,1.75823791929827,0.00276525985445696,0.451228650580739,0.0497132841276734,1.43817634414793,1.7474825116576,0.00239898356963955,0.548757471238643,0.050364753995819,1.04955300045699,1.82223251058654
"105",7109,0.249415127722328,0.0813811702739534,0.0665790858093785,2.21098865222457,0.633991481627167,0.0010356334496726,0.377724156080295,0.0462245000287685,1.51280582058126,1.40597261000304,0.00115367926881404,0.345467206130684,0.0466923143658972,1.6077441061815,1.39279348291641,0.00122869793879077,0.415090691783867,0.043542411730524,1.12630292926166,1.54560013467396
"106",7110,0.218029987742903,0.0412433930568963,0.0317746664197643,1.07637637589551,2.85474491878255,0.00493477945510744,0.357141206172953,0.0498251951307927,0.809587416395926,1.18253089799622,0.00483732761115935,0.303998441561559,0.0500343099903253,0.952031147789081,1.30694868337891,0.0052686357852874,0.394782593162704,0.0502910014351964,0.654994531640137,1.13238877553866
"107",7111,0.222579843710005,0.0750462864324272,0.0563980811074084,1.9473297898633,1.89711861126836,0.00196370316785103,0.390099555248458,0.044879186233278,1.02903135289298,1.70977573617912,0.00201668799991247,0.35151252045642,0.0456139934204753,1.10355377944921,1.74351097642433,0.00227454423175327,0.450868803264746,0.0409418187088829,0.774062060907576,1.77314815510072
"108",7112,0.140984516459017,0.0899347701743048,0.0346278246259184,1.86021739184252,1.65025560246769,0.00234219967378985,0.386876899446869,0.0464195985543175,1.29693989149139,1.36573333599049,0.00210142338924088,0.344044352316082,0.0468198667695578,1.39198743570019,1.43395405497129,0.0027789230233184,0.449386508130575,0.0454478213834285,1.11714707421687,1.25130525859489
"109",7113,0.160533533149443,0.0710832410117281,0.0303952410875096,0.953186897104713,1.20498649814042,0.0012352622148518,0.350652680107602,0.0412323387106316,0.501215794292943,0.649284298110272,0.0012433443884832,0.301069637074031,0.0426311692184269,0.594171635733916,0.650438924323058,0.00142576804120978,0.389038246416478,0.0358803914137132,0.403046304629682,0.733550213644245
"110",7114,0.152470674052553,0.0550322228538183,0.0578960154220522,1.73247261199312,-0.339332332208953,0.00389811940809877,0.381409710357953,0.0436054788408382,1.62097728881891,0.684706054697708,0.00480288341461327,0.347292375167809,0.04449432781163,1.72800058897331,0.679891805082865,0.00400816696896353,0.448408964885874,0.0405227450770647,1.26611374912963,0.759084497687215
"111",7115,0.257577305570291,0.0318122176715192,0.049816423645999,1.36035364643455,2.15393651404883,0.00777159569556806,0.374302208065827,0.0463404196437702,1.09955528304793,0.445316699516909,0.0089256643256405,0.335091873431572,0.0470597330756476,1.21296520802117,0.56140739936668,0.00813774092228959,0.430001286196044,0.0445261386588546,0.909738876667783,0.386425827639957
"112",7116,0.0885022029760635,0.0699064589367183,0.033438531255515,0.870329365092791,1.27648097031189,0.000987348041220843,0.363219184323851,0.0362367770773407,0.972272863779262,1.44306415593693,0.000993900736839991,0.324688558233108,0.0385304800589426,1.06464000052214,1.4200290542744,0.00115550134549736,0.410485146732264,0.0286004301586712,0.775113283672575,1.57261680952233
"113",7117,0.222572888758755,0.0307263733315386,0.0822651771521394,1.39224969039703,1.3380490975382,0.00255488932893239,0.363061141789661,0.0459494539917528,1.02202585313266,1.27920256917943,0.00260603687473937,0.320881681946016,0.0465446615330335,1.12291538659474,1.32838149629276,0.00286804864631845,0.417079304231926,0.0440069493139932,0.80791870334058,1.30964407018402
"114",7118,0.0726860470735032,0.0402248171529582,0.144967352892451,1.01052910015281,0.919709405650591,0.000646970805222726,0.377912173581653,0.0449159502480347,0.654454822084165,-0.182966669139926,0.000714955022361974,0.341816488844127,0.0458257580786395,0.693855254689647,-0.151628328951445,0.000771874414281418,0.429384188103646,0.0427038074366421,0.551443210744193,-0.208767132443784
"115",7119,0.31677427182004,0.0482598441559449,0.0556146680338934,1.30399765828177,1.15014861427851,0.00132210033409314,0.424898439031247,0.0544213059936725,1.28137091035149,2.4942489286004,0.00171958436676659,0.402826244810667,0.0534364688479799,1.33991287376216,2.47350400822405,0.00164229971333249,0.472470962054855,0.0589370922156445,0.610029764406155,2.84484794521675
"116",7120,0.13966107417503,0.0656816299974534,0.0362143644682566,1.01794268303456,1.11709702021831,0.000481680475893377,0.384900831959352,0.0464670543143526,0.832422543871059,1.05371194835086,0.000501636983293924,0.350378457199921,0.0469412503883335,0.876432202244339,1.0671756471234,0.000577201005147234,0.432368184549006,0.0450514686194826,0.740297885080446,1.02910347762724
"117",7121,0.154198711098231,0.0396336823020475,0.0400358418508575,0.848959144866142,0.809879931127575,0.00245840716752316,0.368206960306354,0.0438989867469625,0.974142903125042,0.575279156485211,0.0022329515634995,0.321747002725964,0.0446157380933572,1.08097337387024,0.632921736719158,0.00271700711607206,0.419047690644018,0.0409164953787893,0.822687617479673,0.545464269124495
"118",7122,0.255985000423244,0.166262924256184,0.120036513044085,2.36144627370218,1.06519969970445,0.00200790759601095,0.39222718902581,0.0451978378242724,1.1532049668169,1.56224931008265,0.00195214211340176,0.348631758975548,0.045827180618342,1.23653029676914,1.60120098230513,0.0023341917369087,0.455757430652271,0.0431159327930222,0.929281758441428,1.55171811123748
"119",7123,0.0643327166772083,0.0899643505820854,0.033488203815415,1.45075474208849,2.32657613988557,0.00126116503859657,0.357603727604294,0.0415651294931923,0.926160075067331,1.46907384793744,0.00128098732840139,0.313775652542662,0.042911945995781,1.02100589660405,1.46445252059453,0.00150526390568807,0.403478872353604,0.0366650792707476,0.730749812206583,1.53895999607608
"120",7124,0.0598826868514808,0.100467884786562,0.0739988524800712,0.724418118309448,2.82934290651823,0.0012730511010644,0.436461063697963,0.0494000510025393,1.28208657017002,3.63117794676895,0.00166534318278971,0.418334655639852,0.0492978880586078,1.35400662388187,3.59442942315924,0.00140284283114821,0.459625440159473,0.0507914514804546,0.546463520309723,4.07138751987795
"121",7125,0.0723827342732717,0.0679600199758544,0.231334963729004,0.743361722712298,2.66497266898385,0.00358036382496186,0.40020885370922,0.0479155862361427,0.802065413106447,0.943135712403675,0.00418947969038179,0.362914202413506,0.0481552886056526,0.855794255073402,0.982195451724248,0.00417514711706716,0.449432671549769,0.047459922143867,0.527368744422601,0.933843812561776
"122",7126,0.092584479122076,0.191100883582769,0.0719698496232452,0.348557277865868,1.6066244366946,0.0102449780244459,0.362152022984394,0.046012292799273,0.609054518289213,-0.238952740452458,0.0109661156899453,0.307866632846617,0.045896593924319,0.759625938472102,0.00509489280959924,0.0103830322065872,0.408929271160965,0.0450472935438376,0.534160987081531,-0.328042721936615
"123",7127,0.0871532706362456,0.0268422431254409,0.0645281802291341,0.83829722946471,-0.0592100743657932,0.00151905017980535,0.35776630270443,0.0459615478879141,0.953132621475953,0.748429685573631,0.00148960177085335,0.319124220407203,0.0464493027183402,1.0447481704758,0.768285014150517,0.00176048532007528,0.40105961118664,0.0440366837295491,0.842591248961754,0.675881238464057
"124",7128,0.132913911301986,0.037201551739849,0.0608358346379862,1.4567503761833,0.0404284917249693,0.0332845632495622,0.389017700445888,0.0435023371509113,1.11272469684554,2.77056650929572,0.0382428440681266,0.350683016027098,0.0439235954851913,1.21451676609441,2.94427365042533,0.0259166911181249,0.442961506117104,0.0395470779398654,0.833319684389877,2.99667977978689
"125",7129,0.203015149566191,0.15151472980243,0.147672009273608,1.19813696737879,2.48835787333007,0.000668654881125587,0.410390467351125,0.0550041910676447,1.01363627173536,2.60346601430783,0.000702217585759185,0.38463778054563,0.054053489680836,1.06083799674522,2.61024415613207,0.000808510163781187,0.469067226825669,0.0606401903638331,0.798573368935837,2.64807531946373
"126",7130,0.0823419326348114,0.242554462840188,0.0724743728669665,1.53667523918966,1.14588717007573,0.000444604541078606,0.379730933514355,0.0507219454974624,0.460484824811839,2.59532270755256,0.000470143725770562,0.338109053559715,0.0502854725847907,0.497026570440049,2.59494459748913,0.000523178861747934,0.429390880866297,0.0519354170828703,0.393944384174888,2.60055446372315
"127",7131,0.0937582734398349,0.146816081422888,0.0453861304115739,1.62332083481848,2.19141738560981,0.00474921152230744,0.369316243860484,0.0431315662716769,0.985366709712388,0.833867480499426,0.00536586561313118,0.326140523920443,0.0442104226499395,1.08234886698941,0.888584297259521,0.00508380252854526,0.416439655558668,0.0396905138798473,0.78149191466524,0.846085547023391
"128",7132,0.327598691019476,0.0328766565771312,0.0576972714667789,1.85267499531802,0.438553186749499,0.00153058234104871,0.377013486629037,0.045460047310775,1.34811335429727,2.8193282232288,0.00169455549020224,0.339091623921244,0.046126690054036,1.45904150447158,2.78993206621567,0.00165890979159313,0.434452132737207,0.0431408475226434,1.03244831220563,2.90968882987476
"129",7133,0.0928580944727106,0.092168019436122,0.0685868473631285,1.30878285086595,1.44062719448821,0.000414189434516099,0.434805415124813,0.0509080035564476,1.00463836740022,3.0176576178458,0.000423654998991082,0.411386039701283,0.050596524698664,1.04544049461243,3.01119112687478,0.000505398314294387,0.511639751223117,0.0530381882642096,0.870236285539596,3.02304851859575
"130",7134,0.151768712096795,0.080884486361278,0.0570959880560584,2.09674425415666,0.594572363786619,0.00115405284727625,0.386656725985424,0.0388400439414051,1.41524596948468,1.74407473653829,0.00121198720722353,0.354181152384681,0.0407339804603426,1.51384991352526,1.7271712098015,0.00130419941799748,0.447886628397642,0.031732995706463,1.07886189637094,1.89619798764154
"131",7135,0.323253106695428,0.0491032228682503,0.0748142825247149,2.12362258850609,1.10248625394824,0.00107033850638829,0.416306010844814,0.0523479405555846,1.13652188757258,2.02690689890519,0.00136065633368916,0.387947808416553,0.0516949478468132,1.18661644335907,2.01837043501437,0.00125006478813608,0.456514997737779,0.0554159751110507,0.811641952940815,2.09255904778003
"132",7138,0.108976340096713,0.225046316318821,0.0503096573193442,1.67991840278869,1.30716664664274,0.0243347053661705,0.389186175712176,0.0479646758123319,1.07875392341345,0.713576661051343,0.0314823606605188,0.343116471042148,0.048749310134533,1.19077222892693,0.896977847777928,0.0242501804210432,0.428898343990015,0.0480839201961491,0.73298418580982,0.781719478127102
"133",7139,0.116082737319021,0.116799408208569,0.0536883986805577,1.78595857964381,0.630420592098816,0.000368435002976383,0.368114119789163,0.0454738754510435,0.609332444495867,3.78192250942804,0.00039021440085588,0.321752917604003,0.0459763389172395,0.694475785574437,3.75268754230184,0.0004437000907435,0.41569240990285,0.0438524101405653,0.458618857880823,3.85135593603169
"134",7140,0.289068355004068,0.0261997603521467,0.0954163427604061,1.62980893612483,1.23174247917221,0.000651445319979827,0.38425891165246,0.0396538398515223,0.408489518020638,1.9049810225512,0.000750711812445954,0.345944383230673,0.0412307534160557,0.436376382453728,1.89769433519979,0.000768672527319845,0.431098746762552,0.0341898125185384,0.322158081414295,1.95359227968691
"135",7141,0.172005329264227,0.0602814766891153,0.0502405337699911,0.745510084721171,0.61438601871255,0.00222829058666518,0.374428643084721,0.0442178995814216,0.174552030399459,0.906784552620324,0.00256663830269979,0.326308166269422,0.0449009954814896,0.230808958748995,0.928717776863224,0.00238309987117731,0.425230851692385,0.0410188000821457,0.159916988663721,0.916881316765517
"136",7142,0.0690106336249822,0.152083206845365,0.0231730643994121,1.36782414999769,2.28858122901692,0.00107847083039804,0.385405424433805,0.0439626749206142,1.30063779556875,1.62032779798735,0.00131255723817238,0.354616452934664,0.0450446369688305,1.37934137398311,1.59455802659055,0.00126335632934161,0.440083174940214,0.0397808311321805,0.713907723084915,1.95135392960462
"137",7143,0.127644424755104,0.1170030060815,0.0713644609241051,1.39450775282469,3.08783505473365,0.0012722368897383,0.414081116153517,0.0470637230152048,1.39314444179837,1.68824829660139,0.00164635704702843,0.388760762529745,0.0474607358088229,1.45774834970743,1.6648278368546,0.00155361432294057,0.47511865809751,0.046492477170029,0.781435323139074,1.98407391767124
"138",7144,0.160003342545912,0.0854267045213998,0.0559807365881006,1.33898824610562,-0.0320100777228093,0.00512660730039307,0.383944938394396,0.0435629000073825,0.544964038820564,1.7044972942197,0.00761935375274359,0.341132775606843,0.0444277634395772,0.593640313724162,1.6056859985724,0.00632202300834005,0.429971729753264,0.0388277041705731,0.0698842333156483,1.8277131566395
"139",7146,0.0910146183386224,0.0428247394394161,0.0325781977294898,0.608923321910334,2.12821576276515,0.00285857431403958,0.362565525584318,0.0444846547422428,1.14226146657421,0.992549559628529,0.00277830390710479,0.317967325999954,0.0454469249773785,1.26736964391027,1.04074562844888,0.00325472063105118,0.407549937706577,0.0411057809424079,0.89295363701711,1.0254232767037
"140",7147,0.161226619732059,0.0618410273509676,0.0664233308717871,1.85214170936977,1.31998344915287,0.00127056856336436,0.374565060006919,0.042773443610305,0.850829292964324,1.60015114810593,0.00144867994061976,0.335332815913667,0.0440122803489302,0.916210591869354,1.59861155639051,0.00159766797927014,0.421798566575176,0.037609716900492,0.586721434958771,1.68911438950748
"141",7148,0.134767166166392,0.0762273677303403,0.0170558727370248,1.37430675568185,1.44605666859688,0.00211125830261892,0.405183595225815,0.036597298022254,1.49912871094285,1.49661307634321,0.00263447186318938,0.37538250110803,0.0389800622847887,1.60040862246116,1.43821037696058,0.00201952906265738,0.452151944696052,0.0271663784397895,0.894885179397809,1.94763970618164
"142",7149,0.1764668495098,0.0714611961457944,0.0314997954786539,1.71518708303528,2.64545598097884,0.00153433245108404,0.376836070456392,0.0433405813393451,0.9141459950677,2.35223741772504,0.0017106528487851,0.334581000599469,0.0444204583321484,1.00364060919405,2.34261962376619,0.00169907594902347,0.429442181405598,0.0389890267326468,0.516099645915803,2.54590375726836
"143",7150,0.196207893344241,0.158111703852579,0.120232805514395,1.80880967841077,1.96938016955634,0.00145290132340649,0.400149656133164,0.043770386203816,1.03389564029865,1.88078556446327,0.0017525304134689,0.368285917973151,0.0445011444132307,1.08578057949119,1.87114735897959,0.00202402962481185,0.423605301157973,0.039860514252885,0.360848418888024,2.2000135186905
"144",7151,0.193370908374957,0.0298177000822464,0.0609054205946414,1.11063731223561,-0.20865655968549,0.00329137908609881,0.369959313035022,0.0448483255828364,0.653533814352851,1.07087736895914,0.00324698823194138,0.322268885812372,0.0456153455659076,0.760190024809729,1.16251534689759,0.00359738988734368,0.418975205145166,0.0425850409227518,0.582734524499475,1.00436325358721
"145",7152,0.0825396065206178,0.0733868935899882,0.0870801815825221,1.09628404942824,1.01157281942382,0.00249006953869048,0.365552560857188,0.042675025996353,0.512593739191989,0.940021081496359,0.00273640606032872,0.316088745092091,0.0438882593953594,0.596599242575393,0.954850523397528,0.00288669060101947,0.413042962317286,0.038022088307813,0.318585913768415,1.00121842666036
"146",7153,0.172851289673084,0.0362230493896533,0.0306883157809034,1.05547979696801,0.982635175428997,0.0107776865803707,0.367507203713221,0.0493783915260144,1.05581558460905,1.25040455370432,0.0125251162163254,0.324140098020844,0.0499750863284118,1.17221299089316,1.40135095416699,0.0110666453817635,0.404145689940687,0.0495990930293055,0.78548414847622,1.25262634099677
"147",7154,0.171461884847195,0.154051288670165,0.0537743700629724,1.2897467118218,1.53626178562459,0.00198046115238096,0.424472845921323,0.046216957498504,1.21191562986014,2.52169906419442,0.00262016155093818,0.399149504379487,0.0468109619690896,1.25928804213939,2.49826092767468,0.00228695310681285,0.525635041838958,0.046016845268131,0.928783585629523,2.57818665183342
"148",7155,0.194438628597232,0.0210554886243489,0.0671613456140221,1.29849381695779,0.793385457936075,0.000416867324589808,0.393200574026018,0.0608151884305366,0.244077073803074,2.15636005391086,0.000493990083478492,0.354521403631753,0.0581996681819068,0.247487947045329,2.15342579232597,0.00056379561396496,0.434422821820164,0.0681250177216761,-0.00799131579043194,2.20997831081625
"149",7156,0.222990136181092,0.0652710762975638,0.0607995390139441,1.05677829680137,0.322122003047854,0.00942022051649859,0.389536455249791,0.0453457691529875,0.787561786107393,0.153463613618737,0.0125146115838729,0.346471461535398,0.0460564979877759,0.853810276414519,0.180454317976186,0.00953051058552294,0.459036408524325,0.0432667631393684,0.685829205371613,0.0983803614417938
"150",7157,0.141334657744719,0.0527225108438689,0.0273310371756001,1.32183344294588,2.51975239835395,0.0185686688951902,0.403827142787516,0.0457788183111217,1.19624714861399,0.163424435926822,0.0265073040758228,0.366811143516282,0.0463118984839265,1.2712727402151,0.225367176522343,0.0182592124071987,0.461176984967976,0.0436558208736214,0.817512090037807,0.295309903122345
"151",7158,0.232727258774004,0.0307492102607053,0.0655899144490868,1.76598419047007,1.07475549054378,0.000936813668500692,0.389620218316428,0.0472404010763432,1.04394221749683,3.07386128590153,0.0011879348763409,0.353362688847768,0.0477484850521017,1.11276027216813,3.04357662720662,0.0010509791609547,0.441080164128496,0.0456226608000988,0.499753253428082,3.31441248414454
"152",7159,0.0960075463886884,0.0633345061654152,0.0330508482050645,1.15137140909723,0.907705505525527,0.000435396441880654,0.418002764783773,0.049982135324751,1.25800492575444,2.30523787763975,0.000437854590719021,0.392453456918323,0.0498178781924043,1.3174858239436,2.29881934906568,0.00053758502969414,0.484059680107848,0.0504978862273987,1.08213847344024,2.27865542204558
"153",7160,0.1731563642829,0.12335385205237,0.105807269025781,1.05618599532363,1.68016448443616,0.000399365140227167,0.372189016387872,0.0480455577863375,0.649377187183181,3.5061880430801,0.000419452533022885,0.329310649098835,0.0481563381842675,0.711280358408922,3.4865491263161,0.000478235278957988,0.422030885088566,0.0481000611010314,0.523440187940292,3.55669962312388
"154",7161,0.186240109252491,0.147441720053043,0.0522611023245317,1.5928837060164,1.42247019892548,0.00167152869013484,0.367141626558971,0.054351853495011,1.29768392739318,2.05703189435391,0.00182208098611977,0.328426911118061,0.0531209878975546,1.40323376135219,2.0493845242342,0.00191327556657853,0.417969935083183,0.0582258458408453,0.978854450734016,2.09308634025778
"155",7162,0.0475338297665397,0.0550301829176739,0.0525941231812102,1.25345551418481,1.24760789256295,0.0028427227627004,0.372547173904394,0.0436039583434571,0.502128402944195,0.56761691511398,0.00322188191843875,0.326404855115406,0.044411461880531,0.564496229413692,0.603338112165307,0.00318384783546456,0.41215834611209,0.0398652648473015,0.334492715726752,0.596740202460057
"156",7163,0.0809240079042598,0.107413586232727,0.0378959902115412,1.63578904613232,1.94839641373676,0.000664173723514146,0.378451209379167,0.0405569746530393,0.473910176589485,3.10219687663784,0.000692536484475709,0.335838568924978,0.0419279561786814,0.530654752666086,3.09653669640797,0.000796588989238927,0.430694703619251,0.0356429590247617,0.268139652747906,3.18772798973239
"157",7164,0.346175250731694,0.0694535336641592,0.0271049742598308,1.38019789235418,1.43440345824869,0.00171113809994671,0.394266463264655,0.0433139032031333,1.48385641949665,2.40531766093879,0.00191978726477668,0.360470482888095,0.0441885536997637,1.58532269485388,2.39223400493559,0.00170515116421106,0.440457849044183,0.0392767497291054,1.05179638708543,2.55648201734109
"158",7166,0.0826082128361779,0.100916912498452,0.0349384269048321,1.25234153055478,1.44915542275498,0.00113008701892891,0.384647802904594,0.0437150777266023,1.04755590672454,1.0959528682211,0.00106522874980603,0.346224583945655,0.0445750249942821,1.12011265162961,1.12393179892218,0.00135044754546883,0.448189398393857,0.0403441808328638,0.871179371904193,1.12007767925718
"159",7167,0.0777771367701006,0.106427062795239,0.0730916147868057,1.54787219775342,0.353907872596858,0.00193830030138147,0.352778978513427,0.0412616737103288,1.05938004447814,1.30747463768937,0.00224491060246323,0.307434360150214,0.0424729904076776,1.16664660970213,1.29524861878147,0.00232614920515755,0.402945261542907,0.0372199850096655,0.846620136674595,1.32469759058572
"160",7168,0.215321287864469,0.0580586214244177,0.0258464503695706,1.55782750178453,3.66422408884186,0.0260888654550465,0.381266801591586,0.0458117718782752,1.04488880404532,1.93817800335884,0.0279661813554975,0.338392251885545,0.0460023760120784,1.16378400534764,2.23376505704933,0.025284816230386,0.435134054088094,0.044468862184786,0.82000791143373,1.98319488604539
"161",7169,0.338654521327991,0.293779399802648,0.0597544660828546,1.46175939813775,2.23638782358829,0.000734781965115375,0.393085248305668,0.0466038278829869,0.515380017023591,3.1043922034836,0.000806650695851539,0.355736705240064,0.0469756059753052,0.548778964142393,3.09971408788854,0.000946095723253261,0.439813329015308,0.0448120665521467,0.167998764651572,3.18479140300091
"162",7170,0.158690666084185,0.035301034676378,0.0523821520726515,1.34238293041239,0.39298382245244,0.00309552152810212,0.370875633102242,0.0431768373070897,0.406753354296895,1.02861290619389,0.00355953559345908,0.324067696738218,0.044017028563295,0.474907208152155,1.06173661558526,0.00325634226900331,0.41306269020599,0.0399495710938687,0.35046703972476,1.04048135602928
"163",7171,0.0795424777263802,0.0692223848739588,0.062797102100305,1.43409318269926,0.0246490129275084,0.00110781424116008,0.40807508664623,0.0394451986569553,1.00461151298802,1.51293765471275,0.00140892546424818,0.377427175078217,0.0411988863385344,1.05050757153655,1.49086281181773,0.00150539262772348,0.443754219239311,0.0319648784597904,0.430638698489652,1.83997799775807
"164",7172,0.198089288517695,0.0298381213288485,0.057446062850593,1.29766302851005,2.22358893524993,0.00954105081888883,0.401269232538239,0.0501515721646274,1.24689690922263,1.68985618410435,0.0127306290382682,0.366679053869202,0.0500198656881307,1.33783032394032,1.72537619213518,0.00903435462490192,0.436967286408544,0.0516076633729511,0.836479890601868,1.85355586333965
"165",7173,0.196828752478628,0.0204582374498043,0.0600592208111676,1.29441569038109,1.05146875229863,0.00617869550133802,0.393456556975639,0.0442831406900569,0.947372537682358,0.645085591387433,0.0077701654400367,0.358970605470294,0.0451305554987385,1.01321593290044,0.649857861752936,0.00664796653708299,0.456960942555937,0.0414227680547849,0.64943663970074,0.682316009367231
"166",7174,0.0876063506937052,0.152165591541247,0.0268518671204834,1.16288704709973,2.74920402539637,0.000703772500607107,0.38606792452361,0.0462743461550886,0.838181156465408,3.24458671763248,0.000698847311682193,0.349134797604143,0.0465652741147532,0.90054003311011,3.24147654095217,0.000834762913480258,0.443002454525611,0.0451934240132728,0.702023750316554,3.26393904210868
"167",7175,0.0790613638322609,0.0483906473938027,0.0672619387174024,0.762901638965425,-0.485326981627771,0.00328963629523685,0.377326316814378,0.0466144373872862,0.978574967109536,1.38657887656073,0.00380200014989933,0.338531060529417,0.0470641930505977,1.05488438208577,1.40444930129327,0.00366834657332356,0.424381848782571,0.0456002896827934,0.739403534445245,1.40120354189534
"168",7176,0.0896266917122649,0.0834012272060883,0.057499426235466,1.02612743306973,0.335178161156788,0.00128480561535059,0.353696382155215,0.0448918535822892,0.635680846632137,-0.127945817253917,0.0013291371438729,0.306062472645763,0.0457677011742762,0.72247824391636,-0.0919231468229463,0.00149416391790552,0.394181395208731,0.0425728268578077,0.556617554758261,-0.204815277608232
"169",7177,0.0914281270047547,0.088024393090149,0.0573606302706751,1.33149495801455,-0.282779785867567,0.00158880628998599,0.399068782261937,0.0479845409096257,1.05679040604641,1.24880561453152,0.00200965395949488,0.369435890503055,0.0480362123963187,1.10556832695906,1.24209496761256,0.00193437123257829,0.482558061425763,0.048218498971616,0.724180517307279,1.37470787943589
"170",7178,0.271006105054355,0.0494403774283168,0.0459108412280351,1.61623355010083,3.03589317200108,0.0186025251665582,0.393760536641693,0.0466372275863592,1.20273709610979,0.271004360189032,0.0228907313162005,0.349490735582596,0.0476670833524525,1.31392459154026,0.529399140189672,0.0186570655929922,0.447201533848843,0.0451786066206648,0.93250261994998,0.233766206229102
"171",7179,0.214119825757007,0.0673391465317001,0.0839161996348567,1.36100048941379,0.881043559124887,0.00252657626720711,0.361690868555455,0.0497478844195319,1.10679244908462,1.18382365163356,0.00274555180703315,0.317715165047288,0.049562632209884,1.20452011178947,1.21719086544781,0.00286284482304822,0.387806505015508,0.0508345406290777,0.806317564931234,1.23553755887395
"172",7180,0.127324646180523,0.0478906826948517,0.0290760420544116,1.20470663587128,2.1694244379765,0.0661366696704715,0.394520421236889,0.0466404581243977,1.18892843839454,1.38975956303949,0.0745148823140522,0.356192321079244,0.0470490907018203,1.30758263211276,1.73170121548175,0.0576018767793605,0.453037033591038,0.0457718002345503,0.917677747785737,1.48082333764498
"173",7181,0.202314535905294,0.0512410621698913,0.11927723769503,1.1996808311975,1.17844316434221,0.0351753860338907,0.387550627074716,0.0465459786301952,1.0149428835718,1.02674359718636,0.0447618787565654,0.342835622937817,0.0473444119000135,1.1243314411585,1.29276799704715,0.034286332186311,0.436579075923543,0.045358870634811,0.765485084398774,1.05523410571979
"174",7182,0.225813949232175,0.0819398469608513,0.0485803255141374,1.09426560817454,0.650476966878474,0.00085134178689997,0.396186496235291,0.0438855424893353,0.878394114535033,2.32731411292738,0.0011016507425887,0.36167367704573,0.0449613529495449,0.929149721719348,2.30866463225877,0.00110827642706866,0.432795114348908,0.0381097344499427,0.303394927191414,2.58879046806212
"175",7183,0.0610038780659265,0.150348975166177,0.0522127446051994,0.910679876036521,0.725642311502699,0.00098107509406063,0.37611938133601,0.0491397256174603,1.0370669589365,1.36315695020261,0.00117393825328622,0.341404883531787,0.0489584834651908,1.1021537240659,1.35393109569282,0.00134255873872692,0.449640178134292,0.0510495230653904,0.56585688459773,1.57123328678183
"176",7184,0.177328814661995,0.0666603985791063,0.0952313922110531,1.39088376333498,2.67565475248505,0.0200474361003685,0.370061199739367,0.0469295714359285,0.741544352673316,1.13812728494944,0.0227060783502548,0.317206973099784,0.047566768341042,0.881618758875939,1.42575133993548,0.0201199006957506,0.420495694287503,0.0459351758233849,0.626868252905707,1.09319599083184
"177",7185,0.136545303323919,0.256622105519906,0.0490875611711975,1.47732451270767,2.64379034520128,0.00204162632249404,0.357413356869998,0.0436236121842844,0.653723958871717,2.54995349114274,0.0026473427080368,0.304927213398432,0.044577671476606,0.758706364457855,2.50588231787704,0.00242079477460094,0.406789014480049,0.0403384841605366,0.256281573781418,2.67996336533208
"178",7186,0.127142088043577,0.0756895837286655,0.0390693260176587,1.39893425238801,0.971592232772572,0.00182106419189166,0.389153080672289,0.0401522910612374,1.16818142149065,1.83491795349046,0.00180539176099897,0.355685556076662,0.0417913248755388,1.24892969316145,1.85818004541704,0.00212436097539776,0.447251321291557,0.0352750333547812,0.985019655511479,1.82431153512568
"179",7187,0.124318760714949,0.092096052683821,0.0647151329316134,1.81205992246667,1.86693194897759,0.00990373241322605,0.366094832181552,0.0467990360874302,0.86926771624872,1.13368479051505,0.00930468371655191,0.312852136496762,0.0474073725323388,1.02196908167712,1.41918886251834,0.0101847212966165,0.406066108668175,0.0451448922545638,0.678983911408988,1.13067586516243
"180",7188,0.177257350656064,0.0310922530559677,0.0323135307686135,1.02334425007232,0.782549665367351,0.00191144288295222,0.37391895419656,0.0451788418765266,0.570327161480118,0.336731538290594,0.00181529772938219,0.32860847429183,0.0458851520671279,0.649820173701168,0.394753737209952,0.00205295143887758,0.429763277404702,0.0426722590447944,0.539503751082007,0.24553020864282
"181",7189,0.111420392469326,0.220697273245538,0.053223019978425,1.34657117294196,2.92429486478754,0.00119795417616261,0.379134853858501,0.0514210254316577,0.92984559894654,3.01101660620835,0.00144420732794142,0.332062935769063,0.0509115452469029,1.00901651508204,2.98975642311482,0.00139786951801942,0.418184864631808,0.0538894179574213,0.57456610001288,3.15262152458336
"182",7190,0.12847931868182,0.0283413188812897,0.069089983467682,1.39218479260436,0.476460895102029,0.00703959644763583,0.377212891711506,0.0446420379830826,1.15474781166753,0.769828955544995,0.00914428417888323,0.338890584039105,0.0454835273100112,1.248894748093,0.761918491398756,0.00726872545232587,0.426146753315563,0.0413548000098286,0.864676883744312,0.857364952895493
"183",7191,0.165541150259688,0.0419670788733628,0.0574079437071202,1.33046738640182,-0.737692686731255,0.00122764745073585,0.397717217842606,0.0416065015293819,1.02341861324209,1.91599508918898,0.00138963345971176,0.36600206783083,0.043005347814713,1.07991567531015,1.91570069333049,0.00147457320600003,0.458033179602145,0.0376976518470271,0.689767592844163,2.0354557837515
"184",7192,0.237455739096164,0.0404081161108822,0.0567267172893196,1.29596352243929,0.22904788594272,0.00288338808238258,0.366094333347942,0.0445476336375632,0.841718539544338,1.5954276660901,0.00314812426352917,0.323759870471833,0.0453137755375116,0.934014958480271,1.62763236596354,0.00319873830642457,0.40957547435155,0.0413356576377854,0.686189205492263,1.59830235065794
"185",8001,0.130035145839849,0.049387782997553,0.0574201811585456,1.14332509097497,0.294627451104057,0.00169099715286335,0.363684766400007,0.0445311951948771,0.431594967336699,0.23811617933449,0.00186764712544771,0.317078019542009,0.045356913091663,0.500307973023977,0.264060978385705,0.0018988178435761,0.406759958703143,0.0414501412389255,0.342572497972139,0.244420552286289
"186",8002,0.169743278447324,0.260360593396161,0.0623648732613078,1.94710047063705,2.17893321133214,0.0203788928932506,0.381760180029152,0.045902138041342,0.918430639121937,1.12809104052181,0.0242181980827543,0.334588477618185,0.0467587290459751,1.03477669472014,1.38435879648429,0.0200926103894322,0.440521584528057,0.0440740943469518,0.765966782618644,1.12594161067238
"187",8003,0.305578985604577,0.0600309045143685,0.081377157717689,0.471308668506316,0.606858219528803,0.00174430561707767,0.36943148616405,0.0426164784484563,0.864899633785701,1.63574516565417,0.00196484040381179,0.324549480179174,0.0438205727324278,0.944797087367946,1.63291096544363,0.00207616894984974,0.425564174937912,0.0375737026675351,0.539923104894445,1.79580548155126
"188",8004,0.249846341887063,0.0242403868011504,0.0659691627750145,1.60832758842724,0.340309635854808,0.000920339684035453,0.367705518826374,0.0467235697128099,0.200015427404095,0.938652484337073,0.00107901697354422,0.318850606952373,0.0469703391180369,0.263083529993909,0.950069770898193,0.00102992782911581,0.413754357654728,0.0455266046896958,0.214643251969418,0.929800210700692
"189",8005,0.117086865836956,0.100062224549837,0.0567385579516537,1.21392697659452,1.73221724245581,0.00212979698359762,0.388350063659946,0.0501487390488002,0.904029777039807,1.20045496926753,0.00230102817040331,0.353105609830887,0.0499582587804351,0.968612945419304,1.23306847390274,0.0025090885847338,0.444183303339497,0.0516826449993164,0.670701903112829,1.22241506393702
"190",8006,0.260155944542944,0.0472851827357652,0.0521085774230621,1.49003945882075,3.12584665761561,0.00222855223745293,0.371100451207632,0.0511184896338272,1.19012612964243,1.38830593823245,0.00252587770655362,0.331720124746286,0.0505367072899649,1.28470978493455,1.40155900415453,0.00255476485405574,0.407822696893975,0.0533900058441676,0.926872964219623,1.39048107508568
"191",8007,0.0801198532760514,0.120538879971837,0.0173210966539385,1.17513166922384,2.16481118196231,0.00947375479813683,0.374736183833299,0.0472610871681205,0.498151831277889,0.66834741606554,0.0137663575487232,0.329186457156234,0.0474136663869664,0.541362260543429,0.602227888330355,0.00981089489065886,0.435589767560758,0.0464912211882139,0.376916397986704,0.620180333467932
"192",8008,0.310686851654883,0.0570563288281038,0.107698328215343,1.23501412900709,1.43418715507602,0.00333135929747639,0.398900027717191,0.0528187489335692,0.973482670838345,1.12331355957943,0.00377915381399745,0.36190025071935,0.0520774129205052,1.04277027737491,1.17304766273818,0.00393027785917388,0.433646009378348,0.0567523107438611,0.630392564675987,1.18584202813616
